period,appreciation_return,availability_rate,available_df_direct,avg_sale_price,cap_rate,market_cap_rate,starts_sf,starts_sf_12_mo,demand_sf,demolished_sf,gross_delivered_sf,inventory_sf,leasing_sf_total,asking_rent_growth,asking_rent_growth_12_mo,net_absorp_sf,net_absorp_sf_12_mo,net_delivered_sf,net_delivered_sf_12_mo,occupancy_rate,sales_volume,sold_building_sf,vacancy_rate,under_construction_sf,total_sales_transactions,bond_yield_10yr_x,one_yr_inf_exp,two_yr_inf_exp,three_yr_inf_exp,four_yr_inf_exp,five_yr_inf_exp,six_yr_inf_exp,seven_yr_inf_exp,eight_yr_inf_exp,nine_yr_inf_exp,ten_yr_inf_exp,ten_yr_risk_premium,fed_funds_rate,cmbs_to_gdp,bond_yield_10yr_y,availability
2000-01-01,1.9962115213275,,,5662759.0,9.8645456135273,9.707598388195041,3513818.0,13834133.0,233634640.0,0.0,3723806.0,254074365,13148926.0,1.12982131540775,2.78086196631193,4044684.0,11239781.0,3723806.0,13084822,91.9552206993103,66.0,3097579.0,8.044777810573581,12146371.0,66.0,6.48,3.1587374666666665,3.272574933333333,3.311377733333334,3.3276155000000003,3.333819333333333,3.3347068,3.3325173,3.3284586,3.3232361666666668,3.3172853333333334,1.3216976333333335,5.676666666666667,10.858743879708612,6.48,
2000-04-01,0.0296027836157009,,,4170181.0,10.243571549654,9.73721072077751,3087883.0,12950512.0,238588112.0,0.0,2151416.0,256225781,12018789.0,1.25354239717126,3.03079281002283,4953472.0,12145800.0,2151416.0,11705650,93.1163609027863,95.0,3248929.0,6.88364133238792,13082838.0,104.0,6.176666666666669,3.411166833333333,3.3620706,3.3384165,3.321965333333333,3.3086168666666667,3.2969783333333336,3.2864447666666665,3.2767075,3.267590033333333,3.2589821999999997,1.2407767333333333,6.273333333333333,10.895662644959074,6.176666666666669,
2000-07-01,-0.951822567731142,,,3275183.0,10.487999767065,9.91306751966476,4253537.0,13824219.0,236425552.0,0.0,2132880.0,258358661,10169845.0,0.446789851412177,2.76767797768116,-2164316.0,6454890.0,2132880.0,11248306,91.5105938911438,78.0,2261912.0,8.4894061088562,15203495.0,79.0,5.89333333333333,3.1279634666666665,3.1358430999999998,3.1175432,3.1000637333333336,3.0860031,3.0749118333333336,3.0660517666666665,3.058822933333333,3.0527922333333333,3.0476560666666668,1.1870693666666667,6.52,11.034500805133469,5.89333333333333,
2000-10-01,-2.44727153331041,,,4558434.0,10.368750244379001,9.950081259012219,2549278.0,13404516.0,238998704.0,48000.0,3232278.0,261542939,8560070.0,0.60166297480464,3.4738689661026,2573153.0,9406993.0,3184278.0,11192380,91.38029217720029,81.0,3686215.0,8.619708567857739,14520495.0,85.0,5.56666666666667,3.1241631,3.0688049,3.0253062333333336,2.9950426,2.9740555333333334,2.9592855,2.9487046,2.940997033333333,2.9353029,2.9310508333333334,1.1761149,6.473333333333334,11.178302189091644,5.56666666666667,
2001-01-01,-3.03788613528013,,,1512973.0,10.986153781414,10.0116051733494,1146188.0,11036886.0,239546624.0,45414.0,2723733.0,264221258,6192787.0,-0.100779393687844,2.2147446870803797,547928.0,5910237.0,2678319.0,10146893,90.66137671470639,78.0,1506863.0,9.3386247754097,12942950.0,78.0,5.05,2.4760114,2.5448048,2.5455786333333332,2.5405841,2.5380259666666665,2.5384862666666663,2.5413237333333334,2.5458457333333335,2.5515116,2.557932233333333,1.1381307333333333,5.593333333333334,10.963645405722186,5.05,
2001-04-01,-2.86417119204998,,,3698506.0,11.3812498748302,10.0439496338367,1865254.0,9814257.0,241098592.0,123000.0,3026400.0,267124658,5678740.0,-0.051778054330498,0.8970326744019991,1551961.0,2508726.0,2903400.0,10898877,90.2569591999054,66.0,2033988.0,9.74304303526878,11781804.0,66.0,5.27,2.6780915000000003,2.6913799999999997,2.696364733333333,2.7007741333333337,2.7054748,2.7104674666666666,2.715638966666667,2.7208875000000003,2.7261389333333335,2.7313428333333336,1.1963956666666666,4.326666666666667,11.043353146523256,5.27,
2001-07-01,-3.0791096389293697,,,2799249.0,10.317999869585,10.068502277135801,988610.0,6549330.0,240290944.0,52662.0,3143332.0,270215328,4584756.0,-1.21712405234575,-0.774339539930224,-807638.0,3865404.0,3090670.0,11856667,88.9257311820984,67.0,1898184.0,11.0742710530758,9627082.0,67.0,4.98,2.796341166666667,2.7481465333333333,2.7345737666666663,2.7306825333333338,2.7307372333333335,2.7327285666666667,2.7357647,2.739389266666667,2.7433462000000004,2.7474822999999997,1.1954839333333334,3.4966666666666666,11.399903000749195,4.98,
2001-10-01,-2.47814059257507,,,2843623.0,10.2642856538296,9.99141857028008,1653974.0,5654026.0,240233024.0,28778.0,2864028.0,273050578,5541664.0,-1.04543101042509,-2.39890515804291,-57926.0,1234325.0,2835250.0,11507639,87.9811465740204,68.0,1948775.0,12.0188556611538,8417028.0,68.0,4.77,2.368002033333333,2.3915380666666666,2.4141293666666663,2.4340659000000002,2.4517813,2.4678047666666663,2.482531633333333,2.496235466666667,2.5091043999999996,2.521269966666667,1.1595802,2.1333333333333333,11.74939367091398,4.77,
2002-01-01,-1.8157029524445498,,,4017052.0,10.4244440793991,9.905706346035,1628253.0,6136091.0,240207808.0,4000.0,3115960.0,276162538,4970191.0,-1.38912247493863,-3.65761071443558,-25211.0,661186.0,3111960.0,11941280,86.9805932044983,47.0,1449533.0,13.0194067955017,6929321.0,47.0,5.076666666666671,2.1499735333333336,2.3878398,2.5028387333333333,2.5735734666666668,2.621791633333333,2.6567883666666665,2.6833923333333334,2.7043762666666664,2.721435766666667,2.7356563,1.3194711000000001,1.7333333333333334,11.751397969119488,5.076666666666671,
2002-04-01,-0.21331524476409003,,,2603970.0,10.076666623353999,9.74087044596672,1328239.0,5599076.0,242221280.0,17000.0,1048448.0,277193986,4794147.0,-0.8375611156225199,-4.4150449335575095,2013469.0,1122694.0,1031448.0,10069328,87.38331198692319,76.0,1576077.0,12.616689503192898,7209112.0,78.0,5.1,2.516136866666667,2.6049013999999997,2.6690967,2.7143062666666666,2.746814833333333,2.7708967,2.7892916666666667,2.8037546,2.8154261333333332,2.825063,1.2919017000000002,1.75,11.897302033715855,5.1,
2002-07-01,0.858107581734657,,,1526948.0,9.50333327054977,9.58839729428291,413460.0,5023926.0,241994880.0,0.0,2048337.0,279242323,5386803.0,-1.00048733875155,-4.20542135834694,-226394.0,1703938.0,2048337.0,9026995,86.66124939918521,94.0,1439746.0,13.3387506008148,5574235.0,101.0,4.26,2.1735607666666668,2.2171201333333332,2.2576479,2.2913294333333334,2.319611066666667,2.3439836,2.3655153,2.3849272,2.4027043999999997,2.4191784,1.1845364666666667,1.74,12.046323574932355,4.26,
2002-10-01,2.08499561995268,,,2410568.0,9.12600010633469,9.55901369452477,783330.0,4153282.0,242084256.0,0.0,1110615.0,280352938,4252256.0,-1.96171589195728,-5.09244576096535,89373.0,1851237.0,1110615.0,7302360,86.3498210906982,79.0,2130556.0,13.650178909301799,5246950.0,79.0,4.006666666666669,1.9956968000000002,2.0104143666666667,2.0407139333333335,2.070839166666667,2.0988602666666667,2.124813366666667,2.149010933333333,2.1717424,2.1932320333333335,2.2136470000000004,1.1965189666666667,1.4433333333333334,12.28702465584703,4.006666666666669,
2003-01-01,2.08319034427404,,,1465010.0,9.34333354234695,9.45458859205246,1052096.0,3577125.0,241753088.0,3969.0,1939713.0,282288682,3972696.0,1.3413674198091001,-2.46449913829565,-331180.0,1545268.0,1935744.0,6126144,85.6403708457947,94.0,1514560.0,14.3596261739731,4359333.0,96.0,3.92,2.0296309666666668,2.0179548,2.0356775666666667,2.0584884000000003,2.0819394,2.1049419,2.1272088666666673,2.1486807,2.1693667333333333,2.1892966333333335,1.1753487999999999,1.25,12.369277283267447,3.92,
2003-04-01,2.63705756515265,,,2990973.0,9.383333474397661,9.36883315443993,1265359.0,3514245.0,242759664.0,0.0,534093.0,282822775,5631031.0,-3.34023647010326,-4.92611341178417,1006581.0,538380.0,534093.0,5628789,85.8345508575439,84.0,2016296.0,14.1654476523399,5090599.0,85.0,3.62,2.0375917,1.960086966666667,1.9494133666666666,1.9570156,1.9718039,1.989887,2.0095370666666668,2.0298743,2.0504107333333335,2.070860666666667,1.1876599666666667,1.2466666666666668,12.517539919061353,3.62,
2003-07-01,3.7114664912223803,,,2684675.0,10.1614288985729,9.200754016637799,692608.0,3793393.0,243659104.0,75266.0,1196055.0,283943564,4708135.0,-0.45278100296855,-4.4001255184412,899440.0,1664214.0,1120789.0,4701241,85.81250905990599,126.0,3366526.0,14.1874894499779,4587152.0,133.0,4.23333333333333,1.8198124,1.9284089666666666,1.9946232999999998,2.0437243,2.083328133333333,2.1169334333333336,2.1464472666666663,2.173003,2.1973130666666663,2.2198461000000003,1.3324567666666667,1.0166666666666666,12.559251068738977,4.23333333333333,
2003-10-01,5.64353801310062,,,4093778.0,9.11111086606979,8.98706391453743,1586291.0,4596354.0,244085296.0,56621.0,1031496.0,284925639,4416084.0,-0.411628466099501,-2.8885917738080003,418998.0,1993839.0,974875.0,4565501,85.6663167476654,115.0,4317747.0,14.3336832523346,5141947.0,129.0,4.286666666666671,1.9809389333333334,2.0182922333333337,2.0613718333333333,2.099328266666667,2.1322811,2.1613612,2.1875194000000002,2.2114352333333334,2.2335797,2.2542807,1.3505175666666667,0.9966666666666667,12.578886896064079,4.286666666666671,
2004-01-01,7.8711763024330095,,,3171620.0,9.34749990701675,8.787518739700321,963987.0,4508245.0,244592272.0,32242.0,1187697.0,286081094,5191909.0,-0.6472462322562931,-4.79420125484467,506973.0,2831992.0,1155455.0,3785212,85.4975342750549,93.0,2295241.0,14.502468705177298,4918237.0,99.0,4.02,1.8661496999999998,1.9614366999999997,2.0272634333333333,2.0774684333333333,2.1180027,2.152150133333333,2.181868033333333,2.208374566666667,2.2324546333333335,2.2546310333333333,1.2757055666666666,1.0033333333333332,12.801549753187983,4.02,
2004-04-01,8.61596763134003,,,4137627.0,9.015714377164839,8.5455097258091,2099349.0,5342235.0,246956176.0,36900.0,1302663.0,287354857,5099044.0,0.373576581478119,-1.13625191152096,2363909.0,4189320.0,1265763.0,4516882,85.9411895275116,157.0,5179568.0,14.0588104724884,5714923.0,165.0,4.6,2.2136490999999996,2.1959619333333333,2.224796733333333,2.2564351,2.2851187333333334,2.3105334666666666,2.3332262666666668,2.3537647666666666,2.3725948333333333,2.3900448,1.3255215666666667,1.01,12.923668032575417,4.6,
2004-07-01,8.67129266262054,,,8588993.0,8.37130397558212,8.343027532100681,1506559.0,6156186.0,249343168.0,349665.0,1305027.0,288310219,3833276.0,0.0257515726843849,-0.661004893481731,2386991.0,5676871.0,955362.0,4351455,86.4843368530273,142.0,9058910.0,13.5156661272049,5916455.0,144.0,4.303333333333329,2.4244902,2.3318960333333334,2.3307364333333336,2.3456221999999998,2.363398533333333,2.381053233333333,2.3978843999999997,2.4137953333333333,2.4288458666666664,2.4431248,1.2979735666666665,1.4333333333333333,13.114528552599294,4.303333333333329,
2004-10-01,7.41954520344734,,,6878722.0,8.06923061609268,8.13412591814995,1497204.0,6067099.0,250871184.0,54000.0,959536.0,289215755,4311356.0,0.183203350752592,-0.06766255828551951,1528018.0,6785891.0,905536.0,4282116,86.7418825626373,136.0,7320372.0,13.2581174373627,6454123.0,142.0,4.173333333333329,2.035061166666667,2.1124441666666662,2.1603380333333333,2.196708533333333,2.2267237,2.2527011666666668,2.275890033333333,2.2970295333333333,2.3165845333333333,2.3348616333333334,1.2472329,1.95,13.339669937785049,4.173333333333329,
2005-01-01,6.99821338057518,,,3971108.0,8.823999762535099,7.96605125069618,666833.0,5769945.0,253042400.0,42890.0,1383144.0,290556009,4273127.0,0.188371795229614,0.772830145433545,2171209.0,8450127.0,1340254.0,4466915,87.08902597427371,88.0,3052413.0,12.910974025726299,5737812.0,95.0,4.29666666666667,2.203948233333333,2.240750433333333,2.2702622000000003,2.2953957666666667,2.3175575333333334,2.3375974000000004,2.356048266666667,2.3732534666666667,2.389441466666667,2.4047694999999996,1.2615541666666668,2.47,13.37755729761204,4.29666666666667,
2005-04-01,6.56113997101784,0.138337,37908730.0,6821526.0,8.53499993681908,7.751836627721791,3339045.0,7009641.0,255812240.0,47610.0,1649810.0,292158209,3145660.0,0.594299845397472,0.9944313205778601,2770229.0,8856447.0,1602200.0,4803352,87.55949139595029,105.0,5445857.0,12.4405078589916,7427047.0,107.0,4.16,2.467419033333333,2.3810827666666663,2.3580845999999998,2.3535676333333333,2.3568782666666666,2.3641165333333336,2.3734824333333333,2.3840281333333335,2.3952112333333333,2.4067037333333334,1.2344153333333334,2.9433333333333334,13.717296196695166,4.16,13.833699999999999
2005-07-01,6.54494762420654,0.137532,38248328.0,5674727.0,7.37800002098083,7.656446099281309,1936386.0,7439468.0,257388416.0,254344.0,1482482.0,293386347,3332084.0,0.183370837476104,1.15357702597976,1665161.0,8134617.0,1228138.0,5076128,87.7301931381226,141.0,7050220.0,12.2698068618774,7880951.0,143.0,4.213333333333329,2.3831456666666666,2.3698767999999997,2.356818366666667,2.3516206,2.352469833333333,2.357352333333333,2.3648303333333334,2.3739483666666668,2.3840792,2.3948087666666664,1.1776610333333333,3.4599999999999995,13.933918309575807,4.213333333333329,13.7532
2005-10-01,5.622939020395281,0.134935,37660892.0,6405518.0,8.39499980211258,7.554908841848371,1752203.0,7694467.0,258402640.0,2800.0,1426071.0,294809618,3596389.0,0.612788274884224,1.58732291311026,1014237.0,7620836.0,1423271.0,5593863,87.6506865024567,144.0,6578556.0,12.3493164777756,8207083.0,151.0,4.49,3.0418845666666665,2.789655466666667,2.684700666666667,2.629321233333333,2.5978141333333333,2.5797263666666668,2.5698165666666664,2.565147433333333,2.5639556,2.5651291000000005,1.2466591333333332,3.98,14.321936229736501,4.49,13.4935
2006-01-01,4.07778844237328,0.135896,38022602.0,5340912.0,7.68999978899956,7.51281604170799,1304000.0,8331634.0,259831120.0,94063.0,2126614.0,296931071,3044691.0,0.491363136097789,1.8945449963212,1342607.0,6792234.0,2032551.0,6286160,87.5055313110352,136.0,5631513.0,12.4944671988487,7384469.0,145.0,4.57,2.2265568333333334,2.3713146333333333,2.4043556666666666,2.4181345333333337,2.4281721666666667,2.437815666666667,2.447740533333333,2.457968933333333,2.4683818,2.4788540999999995,1.2664475,4.456666666666667,14.527338453257407,4.57,13.589599999999999
2006-04-01,3.27459685504436,0.133156,37633860.0,5036896.0,6.520000100135801,7.46981278061867,2257298.0,7249887.0,261232704.0,18298.0,749436.0,297662209,3880273.0,0.818840321153402,2.12198775261641,1430395.0,5452400.0,731138.0,5415098,87.7614617347717,176.0,7219133.0,12.2385397553444,8892331.0,184.0,5.07,2.7702709666666667,2.720729766666667,2.686740133333333,2.666109233333333,2.6543745999999997,2.6484217333333335,2.6462493,2.6465788666666668,2.6485839,2.6517204999999997,1.2867238,4.906666666666667,14.823014254486736,5.07,13.3156
2006-07-01,2.5983078405261,0.13127,37316096.0,13124837.0,7.15375021100044,7.3975674808025405,1096612.0,6410113.0,262640480.0,0.0,1639419.0,299301628,3307808.0,0.422144355252385,2.3653816431760797,1407771.0,5195010.0,1639419.0,5826379,87.7511024475098,123.0,8054221.0,12.2488990426064,8349524.0,135.0,4.89666666666667,2.7729631,2.7142955,2.6715180666666667,2.6447062000000003,2.628834166666667,2.6201574,2.6162212333333335,2.6154436999999997,2.6167969666666666,2.6196023666666663,1.2364649666666667,5.246666666666667,15.226606878003382,4.89666666666667,13.126999999999999
2006-10-01,3.04621905088425,0.131741,37393288.0,14050275.0,7.39857107400894,7.35355988144875,2466166.0,7124076.0,264199760.0,145245.0,916411.0,300072794,4096996.0,0.8706848137080669,2.62777060270309,1559285.0,5740058.0,771166.0,5174274,88.0452215671539,202.0,17858844.0,11.954777687788,9899279.0,219.0,4.63,2.0930832666666666,2.2958294,2.334969966666667,2.347176333333333,2.3549992000000004,2.3630672,2.372160433333333,2.382166133333333,2.3928107333333335,2.403842566666667,1.1873201333333334,5.246666666666667,15.636743601651334,4.63,13.1741
2007-01-01,2.64147762209177,0.135513,38437181.0,8377230.0,8.7714284658432,7.33053535223007,1141867.0,6961943.0,266645824.0,96578.0,3350557.0,303326773,2741946.0,1.52208339422941,3.6804035305976903,2446058.0,6843509.0,3253979.0,6395702,87.9071176052094,165.0,10785860.0,12.0928846299648,7690589.0,195.0,4.68,2.7070377666666663,2.630287766666667,2.5783013333333336,2.5466029333333333,2.5283315666666666,2.5187747,2.514917366666667,2.5148366333333336,2.5172903333333334,2.5214612333333335,1.2111116333333334,5.256666666666667,15.752187500945261,4.68,13.5513
2007-04-01,1.7521318048238799,0.137697,39634647.0,7306245.0,7.76533335447311,7.3740765452384895,2063227.0,6767872.0,268202576.0,112770.0,2336397.0,305550400,2927009.0,1.32687464356422,4.202857613563539,1560428.0,6973542.0,2223627.0,7888191,87.7768695354462,148.0,7536865.0,12.2231304645538,7417419.0,170.0,4.84666666666667,2.9524565666666667,2.751399533333333,2.661471933333333,2.612605733333333,2.5846223000000004,2.568733033333333,2.5603346333333334,2.5567770666666667,2.5564426,2.5583009333333333,1.2293300666666667,5.25,16.082709430483728,4.84666666666667,13.769700000000002
2007-07-01,-0.548982620239258,0.136635,39861150.0,7611841.0,7.62636363506317,7.44232684373856,2634802.0,8306062.0,269909792.0,133870.0,1262649.0,306679179,2545279.0,1.03121744468808,4.83486130833626,1707202.0,7272973.0,1128779.0,7377551,88.0104660987854,127.0,6371843.0,11.989533156156499,8789572.0,165.0,4.73,2.6139644,2.5649212666666665,2.5312109,2.5118317,2.5021026,2.4986413666666665,2.4992533,2.5025314000000005,2.507565233333333,2.5137561333333336,1.2390062333333332,5.073333333333333,16.49891991392269,4.73,13.6635
2007-10-01,-3.72914895415306,0.142241,41380271.0,4900192.0,7.827500253915789,7.6103188097477,932290.0,6772186.0,270710720.0,43115.0,2537845.0,309173909,3559269.0,1.0066039860248601,4.97612208127975,774364.0,6488052.0,2494730.0,9101115,87.5593662261963,138.0,4748162.0,12.4406330287457,7184017.0,177.0,4.26,2.4892767,2.3981634,2.3477957,2.3208257666666667,2.3080169666666666,2.3040328,2.3056639333333333,2.3109230666666662,2.318547933333333,2.3277174333333335,1.1455361333333334,4.496666666666667,16.735054663053315,4.26,14.2241
2008-01-01,-7.59959146380424,0.148383,43170430.0,2539808.0,8.05777758359909,7.815239578485491,1307921.0,6938240.0,271171456.0,234011.0,1352768.0,310310866,3296556.0,0.757985282689333,4.18602712452412,457661.0,4499655.0,1118757.0,6965893,87.3870253562927,136.0,2510313.0,12.612971663475001,7139170.0,179.0,3.66333333333333,2.232695066666667,2.0862322333333334,2.0315730666666667,2.010034066666667,2.0049190666666665,2.0090309,2.018630566666667,2.0315819,2.046591933333333,2.0628457,1.116966,3.1766666666666663,17.047050774288277,3.66333333333333,14.838299999999998
2008-04-01,-11.894407868385299,0.156151,45558931.0,3768185.0,8.191875368356701,8.11128541827202,855276.0,5730289.0,271576576.0,50980.0,1784996.0,312044882,3074463.0,0.346421939320862,3.17790918052197,405135.0,3344362.0,1734016.0,6476282,87.0312571525574,141.0,3347516.0,12.968744337558698,6209450.0,162.0,3.88666666666667,2.344286433333333,2.170385666666667,2.1223177333333334,2.1091268,2.1101746,2.118224533333333,2.1300518,2.1440005666666666,2.1591393333333335,2.1749102000000002,1.1956405333333333,2.0866666666666664,17.132357229571614,3.88666666666667,15.615100000000002
2008-07-01,-16.3521334528923,0.163479,48004149.0,7445420.0,8.11111107468605,8.4260955452919,323287.0,3418774.0,269888544.0,582479.0,1130993.0,312593396,4046540.0,0.448326440528035,2.5826329365372698,-1688044.0,-50884.0,548514.0,5896017,86.33852601051329,137.0,7359084.0,13.6614724993706,5401744.0,180.0,3.86333333333333,2.9108299333333334,2.5061607,2.3757349333333333,2.3199151666666666,2.2944061000000002,2.2840127333333333,2.282080933333333,2.2852318666666664,2.291572633333333,2.299965966666667,1.1850439666666668,1.9400000000000002,17.176187474071245,3.86333333333333,16.347900000000003
2008-10-01,-20.4643592238426,0.162604,46876347.0,1385084.0,8.16999971866608,8.859133720397951,590564.0,3077048.0,270154368.0,2143650.0,1135231.0,311584977,3801058.0,-0.699803978204727,0.8495993912219999,265831.0,-559417.0,-1008419.0,2392868,86.7032706737518,109.0,1477502.0,13.2967293262482,4857077.0,144.0,3.25333333333333,0.8916023766666666,1.36244976,1.5322746333333332,1.6270289666666666,1.6933151,1.745767466666667,1.7902723666666664,1.8296197,1.8653018666666668,1.8981964666666666,1.2077181666666668,0.5066666666666667,17.67618467123519,3.25333333333333,16.2604
2009-01-01,-23.040996491909,0.171885,49072610.0,705853.0,7.61666670441628,9.202290326356891,279460.0,2048587.0,270156128.0,190289.0,659128.0,312053816,4304834.0,-1.23285111039877,-1.14304712042212,1777.0,-1015301.0,468839.0,1742950,86.5735769271851,66.0,682788.0,13.4264260530472,4477409.0,95.0,2.73666666666667,0.12484796666666668,0.8454014433333333,1.1086895499999998,1.2542790666666666,1.3537895,1.4303976,1.4937250999999998,1.5484627,1.597174833333333,1.6413906666666669,1.1592971333333333,0.18333333333333335,17.8642540847412,2.73666666666667,17.1885
2009-04-01,-23.624379932880398,0.174964,49887216.0,1119938.0,,9.424178302288059,352569.0,1545880.0,267882064.0,2200.0,494706.0,312546322,3775594.0,-1.2403872795403,-2.7063028886914298,-2301383.0,-3721819.0,492506.0,501440,85.70955991745,73.0,1120696.0,14.290441572666198,4335272.0,85.0,3.31333333333333,1.2668979333333332,1.4669993000000001,1.5589620333333332,1.6214329666666667,1.6713821666666666,1.7145080333333333,1.7532772666666667,1.7889444333333333,1.8222245333333336,1.8535621666666668,1.1989376333333333,0.18000000000000002,17.825804402347615,3.31333333333333,17.4964
2009-07-01,-21.1078763008118,0.179629,51593677.0,748491.0,9.00000035762787,9.52480211853981,435622.0,1658215.0,267279136.0,118058.0,1671608.0,314099872,2985698.0,-1.45615627989173,-4.55097444355488,-597513.0,-2631288.0,1553550.0,1506476,85.0936830043793,91.0,881938.0,14.906318485736799,3099286.0,107.0,3.51666666666667,1.9791925,1.9017183,1.9050025333333336,1.9246885000000002,1.9485738666666665,1.9733629666666666,1.9979856333333335,2.0220609666666665,2.0454509,2.0681111,1.2164876333333334,0.15666666666666665,17.579256305089903,3.51666666666667,17.9629
2009-10-01,-15.864732861518899,0.182651,52644525.0,761328.0,8.44999998807907,9.46333184838295,103285.0,1170936.0,265923264.0,155745.0,286878.0,314231005,3993099.0,-1.64293050765991,-5.45752346515656,-1355875.0,-4252994.0,131133.0,2646028,84.6266806125641,94.0,1068515.0,15.373319387435899,2915693.0,123.0,3.46,1.7406669,1.7227032999999998,1.7496018000000002,1.7829123666666664,1.8162014,1.8481722000000003,1.8786412,1.9076842999999999,1.9354239333333332,1.9619755333333335,1.1786048666666666,0.12,17.11061630308788,3.46,18.2651
2010-01-01,-8.29299613833427,0.185589,54156569.0,944126.0,9.41333323717117,9.24781486392021,461007.0,1352483.0,265787312.0,289898.0,2361924.0,316303031,4006538.0,-1.5599231235683,-5.77060543000698,-136130.0,-4390901.0,2072026.0,4249215,84.0293288230896,64.0,789756.0,15.9706711769104,1014776.0,81.0,3.71666666666667,1.7991717333333335,1.7860983333333333,1.8192857333333337,1.8568213,1.892553766666667,1.9257144,1.9565254666666667,1.9853406666666666,2.0124683333333335,2.0381484333333333,1.2867493333333335,0.13333333333333333,16.831761895505533,3.71666666666667,18.5589
2010-04-01,-0.697884941473603,0.18751,55087577.0,957175.0,8.90500023961067,8.97671282291412,58933.0,1058847.0,265511696.0,168203.0,64820.0,316199648,3721647.0,-0.600350461900234,-5.15992790460587,-273239.0,-2362757.0,-103383.0,3653326,83.9696407318115,123.0,1392334.0,16.030362248420698,1008889.0,152.0,3.49,1.5011275999999998,1.6307395333333332,1.7097168666666667,1.7689479666666668,1.8173754666666666,1.8589910333333335,1.8959364000000003,1.9294741,1.9603956333333334,1.9892216333333335,1.2746605666666666,0.19333333333333336,16.27954993637265,3.49,18.751
2010-07-01,5.368099734187131,0.18837,55752153.0,1347173.0,6.72333315014839,8.767912536859509,386473.0,1009698.0,265011968.0,24945.0,66693.0,316241396,4503565.0,-1.3397874310612699,-5.04793263971806,-499739.0,-2264983.0,41748.0,2141524,83.8005304336548,85.0,1859490.0,16.199471056461302,1328669.0,140.0,2.78666666666667,1.0703518833333334,1.258806,1.3505314999999998,1.4156971333333332,1.4694070666666665,1.5167338000000001,1.5598780666666667,1.5999642666666665,1.6376379666666667,1.6733046666666667,1.1658126666666666,0.18666666666666668,15.852537976979592,2.78666666666667,18.837
2010-10-01,8.69213715195656,0.188108,55807665.0,943856.0,10.5999998748302,8.54879692196846,51135.0,957548.0,265667712.0,36463.0,246063.0,316450996,3379352.0,-0.527490908280015,-3.97110842168331,655755.0,-253353.0,209600.0,2219991,83.95224809646609,122.0,2016095.0,16.0477548837662,1133741.0,140.0,2.86333333333333,1.4184570333333333,1.3796228666666668,1.3889087666666666,1.4124301,1.4417368666666666,1.4736053666666666,1.5065098333333333,1.5396408666666668,1.5725404333333335,1.6049399333333336,1.1505957333333334,0.18666666666666668,15.570966056704497,2.86333333333333,18.8108
2011-01-01,9.071385115385059,0.189145,56198469.0,2291512.0,9.32428538799286,8.37586149573326,74278.0,570819.0,265039504.0,182953.0,58933.0,316326976,4492803.0,-0.759907346218824,-3.1906880438327803,-628215.0,-745438.0,-124020.0,23945,83.7865650653839,117.0,1765787.0,16.2134364247322,1149086.0,154.0,3.46,1.9503891999999998,1.8732640666666664,1.869318933333333,1.8824193,1.9008471000000002,1.9210497666666666,1.9416884666666665,1.962187333333333,1.9822781,2.0018306333333333,1.2533921000000001,0.15666666666666668,15.364264009492787,3.46,18.9145
2011-04-01,8.10002237558365,0.188807,56418568.0,2367444.0,10.327272862196,8.26174169778824,94932.0,606818.0,265124704.0,59467.0,401639.0,316669148,4458580.0,-0.197037612088025,-2.79788542538881,126301.0,-345898.0,342172.0,469500,83.72293710708621,119.0,4400618.0,16.2770628929138,842379.0,157.0,3.21,2.1619145666666664,1.9704225333333336,1.9271796666666663,1.9210888666666666,1.9283114333333333,1.9412582,1.9568739000000002,1.9737308999999998,1.9910908333333335,2.0085433333333333,1.2017285333333334,0.09333333333333334,14.961755840689198,3.21,18.8807
2011-07-01,6.887161731719969,0.187385,56134629.0,2701218.0,8.51142853498459,8.13137218356133,42424.0,262769.0,265280336.0,35931.0,57025.0,316690242,5110079.0,-0.6276242434978491,-2.09624730050564,155462.0,309303.0,21094.0,448846,83.7665021419525,101.0,4417158.0,16.233499348163598,827778.0,132.0,2.42666666666667,1.6508462666666668,1.5916184666666666,1.5917333000000002,1.6080593666666667,1.6305228333333335,1.6555741000000002,1.681637,1.7079132666666668,1.7339668333333331,1.7595493666666666,1.1694258333333332,0.08333333333333333,14.69387794228921,2.42666666666667,18.7385
2011-10-01,5.976816639304159,0.186731,56460208.0,4664994.0,9.57692340016365,7.98328742384911,1670267.0,1881901.0,265455920.0,197210.0,54222.0,316547254,3921086.0,0.174479314591736,-1.40534760430455,106796.0,-239656.0,-142988.0,96258,83.8598072528839,164.0,7875239.0,16.1401942372322,2443823.0,218.0,2.04666666666667,1.5608402666666668,1.4640294999999999,1.4487936333333333,1.4579278666666666,1.4773325,1.5017048666666666,1.5285419333333332,1.5565055666666667,1.5848268000000003,1.6130442666666664,1.1623221666666665,0.07333333333333335,14.442043902956012,2.04666666666667,18.6731
2012-01-01,5.11434599757195,0.181813,55108876.0,2511654.0,8.340000361204151,7.91500061750412,260449.0,2068072.0,266211440.0,144757.0,94932.0,316497429,4438730.0,-0.12417933903634501,-0.7737542968243359,814531.0,1203090.0,-49825.0,170453,84.1117262840271,91.0,2157887.0,15.8882766962051,2609340.0,124.0,2.03666666666667,1.4449727,1.3910904666666666,1.3898300333333333,1.4057779666666665,1.4293943666666669,1.4567849000000002,1.4859969333333334,1.5159439333333335,1.5459863666666664,1.5757360333333335,1.1716292666666666,0.10333333333333333,14.120875821195167,2.03666666666667,18.1813
2012-04-01,3.7925735116004904,0.180897,54639295.0,1363185.0,7.9000003635883305,7.84273818135262,102010.0,2075150.0,267067344.0,316727.0,364824.0,316545526,5018619.0,-0.057419826043769696,-0.634943274781108,855896.0,1932685.0,48097.0,-123622,84.3693315982819,113.0,2078925.0,15.6306698918343,2346526.0,149.0,1.82333333333333,1.3555188233333333,1.3356896333333332,1.3432869,1.3627058333333333,1.3882324,1.4170006666666666,1.4473856999999999,1.4784146333333332,1.5094885,1.5402332333333333,1.1698115333333334,0.15333333333333335,13.878250385710228,1.82333333333333,18.0897
2012-07-01,1.65127478539944,0.177634,53511788.0,3613475.0,8.077500015497211,7.809431850910189,314140.0,2346866.0,267737776.0,97593.0,201603.0,316649536,4416133.0,0.689191976562142,0.681775948032737,670459.0,2447682.0,104010.0,-40706,84.5533430576324,161.0,4585909.0,15.4466554522514,2459063.0,207.0,1.64333333333333,1.5327489,1.3975701666666667,1.3608253333333333,1.3571188666666667,1.3688815666666667,1.3889041,1.4135383,1.4407285333333333,1.4692424333333334,1.4983123666666667,1.1491917333333335,0.14333333333333334,13.71887236289305,1.64333333333333,17.763399999999997
2012-10-01,-0.42449599131941806,0.178,53687118.0,4005698.0,8.782856911420819,7.86166787147522,557112.0,1233711.0,268120480.0,993549.0,618420.0,316274407,4474777.0,-0.056162505643442294,0.449966127052903,382702.0,2723588.0,-375129.0,-272847,84.77463722229,192.0,7979589.0,15.2253657579422,2397755.0,287.0,1.70666666666667,1.7930800333333334,1.5288359000000002,1.4451903666666668,1.4174705,1.4146974333333333,1.4250423666666667,1.4428237333333336,1.4649454,1.4895863666666667,1.515621033333333,1.1658360333333333,0.16,13.713462488381081,1.70666666666667,17.8
2013-01-01,-1.52552500367165,0.175426,52864267.0,5409014.0,8.75499993562698,7.83610120415688,615991.0,1589253.0,268557376.0,220499.0,62010.0,316115918,4673574.0,0.510440580546856,1.0882342234253901,436910.0,2345967.0,-158489.0,-381511,84.9553465843201,135.0,5298914.0,15.044650435447702,2951736.0,214.0,1.95,1.2271109,1.2511559333333333,1.2692693666666666,1.292489933333333,1.3200931333333332,1.3504733,1.3823629999999998,1.4148866666666668,1.4474629,1.4797121000000002,1.1917129666666666,0.14333333333333334,13.507379090902921,1.95,17.5426
2013-04-01,-1.1563648469746102,0.173362,52235745.0,6005170.0,8.61363634467125,7.764503359794619,961844.0,2449087.0,269444832.0,192807.0,503796.0,316426907,5414963.0,-0.184675399214029,0.9595198556780821,887729.0,2377800.0,310989.0,-118619,85.1523101329803,174.0,7953245.0,14.847689867019701,3409784.0,231.0,1.99666666666667,1.3291835333333333,1.2939035,1.2913167666666667,1.3043698333333333,1.3260665333333332,1.3526784333333333,1.3820202333333331,1.4127541333333333,1.4440408333333332,1.4753455,1.1922026333333333,0.11666666666666665,13.576050529249542,1.99666666666667,17.336199999999998
2013-07-01,0.356198474764824,0.170418,51069538.0,3631738.0,7.90399983525276,7.73474276065826,120698.0,2255645.0,270189312.0,82209.0,321968.0,316666666,4596949.0,0.8606207557022569,1.1314089410007,744495.0,2451836.0,239759.0,17130,85.3229403495789,187.0,5474714.0,14.677058160305002,3208514.0,231.0,2.71,1.6676276333333333,1.6001061333333333,1.5953030666666665,1.608448733333333,1.6287829333333332,1.6523790999999999,1.6774343666666667,1.7030081333333336,1.7285719333333334,1.7538161,1.2951028666666666,0.08333333333333333,13.491599955125205,2.71,17.0418
2013-10-01,2.20552962273359,0.164461,49293191.0,4161006.0,8.9029997587204,7.61266499757767,37504.0,1736037.0,271300128.0,69254.0,102112.0,316699524,5772295.0,0.754901301115751,1.9521100446581798,1110801.0,3179935.0,32858.0,425117,85.6648325920105,213.0,8236862.0,14.335167407989498,3143906.0,309.0,2.74666666666667,1.6433769,1.5839476666666668,1.5810530333333332,1.5948778000000001,1.6155836,1.6394737,1.6648087333333335,1.6906642333333333,1.7165137000000001,1.7420455999999997,1.2549630666666667,0.08666666666666667,13.340149286712629,2.74666666666667,16.4461
2014-01-01,3.6388475447893103,0.161727,48380014.0,2373945.0,8.17333310842514,7.47676864266396,52068.0,1172114.0,272995968.0,244767.0,499393.0,316954150,4751470.0,1.2335791252553499,2.6856210082769403,1709270.0,4452295.0,254626.0,838232,86.13106608390811,171.0,4350095.0,13.868936896324199,2696581.0,216.0,2.76333333333333,1.4811783666666667,1.5280393,1.5676934333333332,1.6042707666666667,1.6387036999999998,1.6713714333333334,1.7024857,1.7321881000000001,1.7605847666666663,1.7877615666666666,1.2612471,0.07333333333333335,13.403617382704633,2.76333333333333,16.172700000000003
2014-04-01,4.32462766766548,0.160111,47926496.0,1926235.0,8.35666656494141,7.427032291889191,106639.0,316909.0,273843232.0,178184.0,60698.0,316836664,4648018.0,0.8612020872533319,3.76157388091087,847247.0,4411813.0,-117486.0,409757,86.4304065704346,200.0,3451971.0,13.5695904493332,2742522.0,251.0,2.62333333333333,1.6493155999999998,1.6451577333333331,1.6679586333333334,1.6959983666666665,1.7248629000000002,1.7533090333333334,1.780927733333333,1.8075831666666666,1.8332414000000001,1.8579101,1.2491054333333333,0.09333333333333334,13.280862731004259,2.62333333333333,16.0111
2014-07-01,3.9824366569519003,0.158076,47509436.0,4454737.0,9.788999706506731,7.35721960663795,700783.0,896994.0,274879936.0,80984.0,883525.0,317663205,4456271.0,1.30083747208118,4.21445220708847,1007295.0,4674613.0,802541.0,972539,86.53187155723569,184.0,6297709.0,13.468126952648198,2559780.0,246.0,2.49666666666667,1.9270282333333333,1.7959270666666667,1.7719333666666666,1.7756186333333333,1.7894770666666666,1.8077378333333334,1.8279910333333333,1.8490730666666666,1.8703668666666668,1.8915243666666668,1.2240409333333335,0.09000000000000001,13.194186234865112,2.49666666666667,15.807599999999999
2014-10-01,3.67210730910301,0.153719,46200354.0,5723668.0,8.724285662174221,7.36502557992935,735354.0,1594844.0,275954592.0,382094.0,514047.0,317795158,4092322.0,1.20764272287488,4.68273907899857,1074675.0,4638487.0,131953.0,1071634,86.8341088294983,206.0,8576273.0,13.1658896803856,2781087.0,260.0,2.28,1.7031663666666665,1.673290666666667,1.6822607333333333,1.7016457333333332,1.7247745666666665,1.7492982666666668,1.7741794666666668,1.7988986333333332,1.8231777333333334,1.8468636,1.1962204666666667,0.09999999999999999,13.29668655436368,2.28,15.3719
2015-01-01,2.86701414734125,0.14987,44899516.0,3502004.0,8.16583335399628,7.339372485876081,137325.0,1680101.0,276981184.0,236498.0,344487.0,317903147,4641271.0,2.11397558450699,5.5931318551302,1026604.0,3955821.0,107989.0,924997,87.1275424957275,176.0,4216400.0,12.8724575042725,2573925.0,216.0,1.96666666666667,0.6992739133333332,1.1166231533333335,1.2732782999999999,1.3638987999999999,1.4294697666666667,1.4828164,1.5290462333333332,1.570551833333333,1.6086011,1.6439367666666667,1.2004755666666667,0.11,13.324273457307262,1.96666666666667,14.987
2015-04-01,1.9234817475080501,0.147967,43911773.0,6764020.0,7.911666482687001,7.33072683215141,297663.0,1871125.0,279047904.0,340446.0,682834.0,318245535,3881244.0,1.51063799858093,6.273035705089571,2082213.0,5190787.0,342388.0,1384871,87.6832127571106,220.0,9536027.0,12.3167879879475,2188754.0,276.0,2.16666666666667,1.6892916999999996,1.6322440666666664,1.6275872666666666,1.639212,1.6578537,1.6798931666666665,1.7035721,1.7279328999999999,1.7524191666666669,1.7766959999999998,1.2025728,0.12333333333333334,13.379222642893374,2.16666666666667,14.7967
2015-07-01,1.3890764676034502,0.14463,42902643.0,5120666.0,8.56208354234695,7.34517946839333,670322.0,1840664.0,280825664.0,519744.0,191610.0,317917401,4049856.0,1.72727815806866,6.720408052206039,1778374.0,5961866.0,-328134.0,254196,88.3329033851624,254.0,8628356.0,11.6670988500118,2667466.0,290.0,2.22,1.818093175049672,1.7243129082379576,1.710962640575084,1.719338582677991,1.7360240942383378,1.756392696079001,1.7784245552404179,1.801106664705815,1.8238856589854167,1.846443045559017,1.2219681,0.1366666666666667,13.471016093903875,2.22,14.463000000000001
2015-10-01,1.16167068481445,0.142503,42708042.0,6613384.0,8.46227258443832,7.31255784630775,660473.0,1765783.0,281997792.0,116707.0,179816.0,317980510,3847145.0,1.7719244584441198,7.31542631983757,1172134.0,6059325.0,63109.0,185352,88.6839866638184,257.0,11920451.0,11.3160118460655,3148123.0,298.0,2.19,1.362201515483719,1.4782241216161176,1.5401346115769974,1.5869533283725188,1.6270959269925958,1.6633370943481112,1.696864091859328,1.7282827625847565,1.7579464610820914,1.786084111279493,1.2134330333333334,0.16,13.668772843944692,2.19,14.2503
2016-01-01,1.58264096826315,0.143998,43022057.0,3790074.0,7.602857053279879,7.2526730597019196,1737390.0,3365848.0,281295040.0,201025.0,145668.0,317961153,4771386.0,1.93008370697498,7.12216719985008,-738748.0,4293973.0,-55357.0,22006,88.46837282180789,194.0,5772100.0,11.531630158424399,4739845.0,238.0,1.92,1.124375711912907,1.3430371847814102,1.439531152050424,1.5033498695045528,1.5537681181956169,1.5970566063837188,1.6358363026664384,1.6714013226282025,1.7044745726754376,1.7355012559157872,1.2102530666666667,0.36000000000000004,13.703876614473346,1.92,14.399799999999999
2016-04-01,2.02807746827602,0.142087,42593598.0,2416263.0,8.357273042202,7.24475160241127,1059990.0,4128175.0,281622432.0,299275.0,51969.0,317713847,3890292.0,1.31807271391153,6.9189570844173405,327377.0,2539137.0,-247306.0,-567688,88.6402726173401,244.0,5590590.0,11.3597258925438,5747866.0,296.0,1.75333333333333,1.5436493923062724,1.538616055568833,1.551632065472829,1.5721903005956317,1.5964721433697413,1.6225848069545683,1.6494663542117027,1.676487979358414,1.7032678937383399,1.7295723307477404,1.1632784,0.37333333333333335,13.707448953601334,1.75333333333333,14.208699999999999
2016-07-01,1.9199727103114101,0.139849,42168734.0,4118445.0,8.11000019311905,7.25375488400459,500958.0,3958811.0,281704512.0,377802.0,245971.0,317582016,4126927.0,1.50666842237115,6.687088310718541,82092.0,842855.0,-131831.0,-371385,88.702917098999,275.0,9187210.0,11.2970814108849,6002853.0,372.0,1.56333333333333,1.767552734457895,1.600720976573888,1.556909076071561,1.5498317888221231,1.5585075959265013,1.575127648517113,1.5960260072390386,1.6192429121146923,1.6436451867757218,1.6685437516735249,1.1643923333333333,0.39666666666666667,13.813771596440287,1.56333333333333,13.9849
2016-10-01,1.0953819379210499,0.135768,41251228.0,9566594.0,8.07482749223709,7.30718150734901,1401563.0,4699901.0,282884256.0,229218.0,1456059.0,318808857,4973738.0,1.05110667645931,5.93145787715912,1179751.0,850472.0,1226841.0,792347,88.7316226959229,220.0,14250205.0,11.2683780491352,5948357.0,337.0,2.13,1.979310799158181,1.7727562150849439,1.7189900065617856,1.7073752829873414,1.7126118588109684,1.725925249737921,1.7434476501007656,1.7632117365191282,1.7841210168327393,1.8055258282214226,1.2392169,0.45,13.82266023425906,2.13,13.5768
2017-01-01,-0.888243969529867,0.139624,43072971.0,2945970.0,7.933181524276731,7.362496107816701,909664.0,3872175.0,282889472.0,649225.0,377729.0,318537361,3884703.0,1.2783779762685301,5.25416880846024,5196.0,1594416.0,-271496.0,576208,88.8088822364807,179.0,4482520.0,11.1911192536354,6480292.0,264.0,2.44333333333333,1.8495512423843978,1.7876888167066045,1.7815678256028509,1.7914088464791371,1.8076649616488534,1.8268602821808557,1.8474014393565645,1.868457532806387,1.8895613349629155,1.9104383390941382,1.2898262666666667,0.7000000000000001,13.761817635234369,2.44333333333333,13.9624
2017-04-01,-2.79192067682743,0.138729,42339282.0,4871467.0,7.14727267622948,7.5167052447795895,596887.0,3409072.0,283855776.0,339253.0,1387492.0,319585600,4750974.0,0.9087564423680311,4.82895076274872,965654.0,2232693.0,1048239.0,1871753,88.8199508190155,170.0,6676649.0,11.180047690868399,5689687.0,256.0,2.26333333333333,1.4140545982278299,1.5388095396162587,1.5938211720039195,1.6330932612444977,1.6669783683222181,1.6982770501121343,1.7279101620235153,1.7562254978448242,1.7833757271626025,1.809442893961749,1.238721,0.9500000000000001,13.862469720751596,2.26333333333333,13.8729
2017-07-01,-3.81417013704777,0.138256,41999757.0,4608569.0,8.20538476109505,7.60634690523148,1216047.0,4124161.0,284415936.0,160571.0,1059181.0,320484210,4570465.0,1.13259311765432,4.44263219833374,560154.0,2710755.0,898610.0,2902194,88.74569535255429,199.0,5944664.0,11.2543076276779,5846553.0,288.0,2.24333333333333,1.8073800691484936,1.73867827327897,1.7228707105803136,1.7256826516923784,1.737416182995088,1.7539312366435684,1.7730790947911235,1.793630745188425,1.8148439138520367,1.836255130077137,1.2067326333333332,1.1533333333333333,13.780677457694123,2.24333333333333,13.8256
2017-10-01,-3.24479080736637,0.141718,43040239.0,6845030.0,7.71166682243347,7.61783123016357,476039.0,3198637.0,284572544.0,40000.0,377858.0,320825012,4798392.0,1.38352615758777,4.78620864450932,149559.0,1680563.0,337858.0,2013211,88.7002348899841,232.0,8933607.0,11.299766600132,5944734.0,287.0,2.37,2.281983037340124,2.0179155709629057,1.93386570006738,1.9020835715517506,1.8924542815364167,1.894124595005777,1.9021276188941647,1.9138511680238013,1.9277955209563495,1.9430470835054832,1.2055225333333333,1.2033333333333334,13.80867319642455,2.37,14.171800000000001
2018-01-01,-1.89001020044088,0.143789,43453308.0,4791781.0,7.665000110864641,7.57266655564308,752463.0,3041436.0,285265952.0,187184.0,1171710.0,321809538,3398049.0,1.6741909086704299,5.19573055207729,694117.0,2369484.0,984526.0,3269233,88.6443495750427,213.0,5850508.0,11.3556526601315,5525487.0,270.0,2.76,1.9105596905322344,1.886191644964386,1.8867006263093098,1.8964855518265835,1.9107509798558897,1.9273415086472117,1.9451068383216605,1.9633808564304203,1.9817608197827048,1.999997441397573,1.2467252333333334,1.4466666666666665,13.740225386430602,2.76,14.3789
2018-04-01,-0.26353434659540703,0.14427,44199412.0,2719314.0,9.15583297610283,7.65275657176971,760342.0,3204891.0,285575168.0,318945.0,890426.0,322383860,4362860.0,1.20322555303574,5.502709746360781,310451.0,1714281.0,571481.0,2792475,88.5823369026184,214.0,4581044.0,11.4176630973816,5395403.0,322.0,2.92,1.8018564840747893,1.8665753103739424,1.8967759986576609,1.920298702430755,1.9419638269760249,1.9628342451596452,1.9831346537022243,2.002883415162437,2.0220559189130904,2.0406281438800082,1.2597702,1.7366666666666666,13.823274692588939,2.92,14.427000000000001
2018-07-01,0.7590742781758311,0.143722,44221528.0,5477987.0,7.417856901884081,7.70003870129585,1163179.0,3152023.0,285679264.0,48642.0,168318.0,322503536,4482580.0,1.03552723303437,5.40144965052605,104111.0,1258238.0,119676.0,2013541,88.5817468166351,224.0,7823302.0,11.4182524383068,6390264.0,328.0,2.92666666666667,2.2205206710704206,2.110140724138767,2.0774101993262564,2.0684616426111386,2.0699647688246166,2.076876774476383,2.0867971980704714,2.0984277351686593,2.1110098566660795,2.124077575738062,1.2582110666666666,1.9233333333333331,13.72049158770752,2.92666666666667,14.3722
2018-10-01,0.23366326931864,0.142153,44041422.0,4584252.0,7.32555538415909,7.74938687682152,994861.0,3670845.0,286567136.0,135790.0,873831.0,323265577,3522842.0,1.3452960178256,5.36170452833176,863859.0,1972538.0,738041.0,2413724,88.647586107254,215.0,6958781.0,11.3524153828621,6511294.0,322.0,3.03333333333333,2.1200842788934953,2.08115806654286,2.0701377103364944,2.0705000197637053,2.0767977546561522,2.086453563924269,2.0980437156066083,2.1107217770113524,2.1239632823222987,2.137434581614121,1.2616921333333335,2.22,13.814314815176902,3.03333333333333,14.215300000000001
2019-01-01,-0.162805838044733,0.140773,43856605.0,3015638.0,7.70782604813576,7.8525066375732395,1099900.0,4018282.0,287013056.0,423560.0,1457887.0,324299904,4817161.0,1.19346650317311,4.8635452985763505,431684.0,1710105.0,1034327.0,2463525,88.5023593902588,177.0,4252880.0,11.4976420998573,6153307.0,259.0,2.65333333333333,1.6562379161294154,1.726072519620554,1.7449646611020921,1.759160443415633,1.7749824396256917,1.7928435012547244,1.8121809678220575,1.8323934765797953,1.8530113115657887,1.8736988560674854,1.1469737333333334,2.4033333333333333,13.840665795107904,2.65333333333333,14.077300000000001
2019-04-01,-0.692183198407292,0.146123,45523983.0,5747294.0,7.389615476131441,7.892968505620961,2477073.0,5735013.0,288046944.0,229398.0,949565.0,325082959,4445069.0,0.8374976925551889,4.48458977043629,1048131.0,2447785.0,720167.0,2612211,88.60720992088321,210.0,6876882.0,11.3927900791168,7680815.0,288.0,2.33333333333333,1.9438868748743434,1.7771816254786954,1.7072896777335786,1.6764805908113067,1.6664441198485018,1.6686231973412649,1.6783007800568541,1.6926624986749306,1.709949829601382,1.7290286863258522,1.1087224,2.3966666666666665,13.767639666962303,2.33333333333333,14.612300000000001
2019-07-01,-0.0107722822576761,0.138779,43135362.0,5250451.0,8.6499996483326,7.91198313236237,264063.0,4835897.0,288405856.0,82818.0,297521.0,325305037,3936863.0,1.20417298749089,4.65899258852005,351537.0,2695211.0,214703.0,2707238,88.6570513248444,204.0,6875874.0,11.342948675155599,7647357.0,336.0,1.79666666666667,1.7023068543265605,1.6013085830679956,1.5573159899368516,1.5412918687909847,1.5413894691164256,1.5512686442059989,1.5671857140276406,1.5868245577279314,1.60870976948689,1.6318809216905408,1.1517711000000002,2.19,13.78697989715143,1.79666666666667,13.877900000000002
2019-10-01,0.427469611167908,0.13978,43683803.0,3714900.0,7.78840035200119,7.88513273000717,830153.0,4671189.0,288834208.0,146024.0,785480.0,325944493,4124205.0,1.18253892287612,4.49091382324696,428343.0,2259695.0,639456.0,2608653,88.6145353317261,268.0,6472397.0,11.385465413332,7692030.0,354.0,1.79333333333333,1.7085620147393188,1.6164792034033881,1.5831099498416614,1.574898751325382,1.5802954299199052,1.5936415359272427,1.6117429311609306,1.6326731336301308,1.655224882381127,1.6786218533114077,1.2011253666666668,1.6433333333333333,13.816514011601672,1.79333333333333,13.977999999999998
2020-01-01,0.768123706802726,0.144684,45313812.0,2924205.0,8.540476113557819,7.913386821746831,850847.0,4422136.0,290019424.0,25644.0,2079729.0,327998578,3246056.0,1.32142612710595,4.62304279208183,1185233.0,3013244.0,2054085.0,3628411,88.4209394454956,225.0,4577220.0,11.5790590643883,6463148.0,358.0,1.37666666666667,1.4767156328715467,1.4381453720620012,1.4182475567301651,1.4157950452667238,1.4251409591953594,1.4420391642264512,1.463650930502926,1.4881170033743827,1.5142187638220381,1.5411520487295867,1.1435469666666667,1.26,14.145657766964934,1.37666666666667,14.4684
2020-04-01,1.01233292371035,0.152679,47420627.0,2226111.0,7.8846156597137504,7.86146000027657,323573.0,2268636.0,289676896.0,39423.0,523523.0,328482678,3255002.0,0.0693681708071381,3.8260769098997103,-342080.0,1623033.0,484100.0,3392344,88.1863534450531,102.0,1599482.0,11.813647300005,6263198.0,187.0,0.686666666666667,0.08120436010008096,0.5773543918854253,0.7497806809368863,0.8474885002170643,0.9200618058208923,0.9816714049579669,1.0373268186618518,1.0890752540460589,1.1378633520382266,1.1841864133791173,1.0580368,0.06,15.544273806994216,0.686666666666667,15.267900000000001
2020-07-01,1.19306836277246,0.160301,49441502.0,1386931.0,7.421666383743291,7.764528691768651,443111.0,2447684.0,289463680.0,17468.0,443136.0,328908346,2920079.0,-0.20403629168868098,2.38138511776924,-213204.0,1058292.0,425668.0,3603309,88.0074024200439,209.0,2635857.0,11.9925983250141,6263173.0,301.0,0.65,1.6105125356818573,1.3629058503689249,1.275237887515304,1.2430906998502218,1.2378884295092256,1.2476702800954762,1.2662848324502471,1.2902176993865926,1.3173343211570057,1.346285164707213,1.0783945333333333,0.09333333333333334,14.415142836021829,0.65,16.0301
2020-10-01,1.6271218657493602,0.168966,51864140.0,2157144.0,8.26818197965622,7.6379366219043705,1811874.0,3429405.0,287485728.0,42686.0,691297.0,329558620,2519930.0,1.19469845667481,2.39368882030249,-1979618.0,-1349669.0,648611.0,3612464,87.233567237854,230.0,3162227.0,12.7664342522621,7383750.0,342.0,0.8633333333333342,1.4888628113434994,1.3107664031129362,1.2549572546308072,1.2412737033253893,1.2477876126022476,1.2653422995328485,1.2892423804750377,1.3168148914788327,1.3464437812986667,1.3771135836880557,1.1554010666666668,0.09000000000000001,14.338259133371611,0.8633333333333342,16.8966
2021-01-01,3.10304816812277,0.175549,53979153.0,2689760.0,8.418666571378711,7.577299326658251,869010.0,3447568.0,284072544.0,118695.0,1538312.0,330978237,2765378.0,0.301540712825954,1.36301005259156,-3413184.0,-5948086.0,1419617.0,2977996,85.8281672000885,210.0,3723914.0,14.171834290027599,6714448.0,267.0,1.31666666666667,1.5451391249121302,1.3646126822384184,1.311322448241522,1.2997205980381477,1.3074006404527057,1.3253668426039547,1.3491344293636618,1.3761985103455268,1.4050642631341197,1.4348011419799913,1.1820647666666666,0.08,14.052611064593298,1.31666666666667,17.5549
2021-04-01,5.4319053888320905,0.18006,55402710.0,5232521.0,8.07608664035797,7.3941700160503405,227745.0,3351740.0,282736352.0,413847.0,1433309.0,331997699,2625112.0,0.946737639605999,2.2517217323184,-1366121.0,-6972127.0,1019462.0,3513358,85.1621448993683,266.0,7961111.0,14.837858080864,5508884.0,343.0,1.59333333333333,1.8927044291403212,1.6211273428607307,1.5334164535782846,1.5024844615368829,1.4968619940542078,1.5045710157552816,1.5198713971362017,1.5396389742722933,1.5620370480501022,1.5859295327069085,1.1742429666666667,0.07,13.788421267087001,1.59333333333333,18.006
2021-07-01,6.95765614509583,0.175902,54184623.0,5089714.0,7.296363264322279,7.25407227873802,1105907.0,4014536.0,285282528.0,160907.0,1611776.0,333448568,3886817.0,0.8526599034667021,3.33442091941833,2546768.0,-4212155.0,1450869.0,4538559,85.5551779270172,280.0,6871062.0,14.444820582866699,5003015.0,403.0,1.32333333333333,2.4065552763272042,1.8685353368929656,1.6881300292045622,1.6113508782962207,1.5786271954890514,1.5685707885564861,1.5714163926863696,1.5820318057854,1.5974671620677086,1.615919864121253,1.1380450666666666,0.09000000000000001,13.690482535504673,1.32333333333333,17.5902
2021-10-01,7.3269367218017605,0.171108,52890403.0,4595925.0,7.34111145138741,7.28066563606262,219449.0,2422111.0,285954208.0,6028.0,548327.0,333990867,4216020.0,0.80967303365469,2.94125434011221,671686.0,-1560851.0,542299.0,4432247,85.6173753738403,342.0,7788520.0,14.382626116275802,4674137.0,419.0,1.53666666666667,2.318172220896403,1.8836762126243998,1.741558128840558,1.683701962372244,1.6614325003545787,1.657339315434898,1.6635029903682281,1.6757756202895855,1.6917806407723144,1.7100703537761168,1.1720536000000001,0.08,13.620877523778265,1.53666666666667,17.1108
2022-01-01,5.52317537367344,0.167409,50858492.0,4568937.0,7.3431819677352905,7.35128298401833,509675.0,2062776.0,286203744.0,775300.0,621269.0,333836836,2714733.0,1.01305637508631,3.6714956164359998,249528.0,2101861.0,-154031.0,2858599,85.7316195964813,229.0,5251071.0,14.268377423286399,4562543.0,308.0,1.94,2.6422920475067877,2.1362177862021032,1.9711293750778207,1.9012058892630375,1.870356922298069,1.859103275514345,1.8588214619502084,1.8650912224621397,1.8754189038759206,1.888300530496585,1.1954425,0.12,13.634622462834454,1.94,16.7409
2022-04-01,2.04387158155441,0.170213,51033161.0,4984374.0,7.61800035834312,7.415254414081569,932329.0,2767360.0,287183072.0,288099.0,468321.0,334017058,2583285.0,0.959448516368866,3.68454940617085,979344.0,4447326.0,180222.0,2019359,85.9785676002502,287.0,6537311.0,14.0214338898659,5026551.0,365.0,2.93,3.7514248774649324,2.9095564946667376,2.626750479484809,2.494783631626332,2.4229982090864066,2.3809530440439004,2.3556005538349387,2.3404266274113,2.331823537647329,2.3276375193522076,1.4009601333333332,0.77,13.688233776674391,2.93,17.0213
2022-07-01,-1.69214978814125,0.169286,50938161.0,7536140.0,7.63500034809113,7.63393715023994,852097.0,2513550.0,288026112.0,327789.0,2093708.0,335782977,2643279.0,0.872376933693886,3.7048202008008997,843236.0,2743794.0,1765919.0,2334409,85.7774674892426,229.0,8035037.0,14.2225354909897,3784940.0,307.0,3.10666666666667,3.6218530136457443,2.8391741699946533,2.5553507289483677,2.415140653833617,2.336060945924821,2.2888114148953522,2.2601248484397276,2.243060154105238,2.2336290840084665,2.2293846552543375,1.3259900666666666,2.19,13.64975067953496,3.10666666666667,16.9286
2022-10-01,-5.25797680020332,0.177035,52877737.0,3890428.0,7.0161901414394405,7.838147133588789,345747.0,2639848.0,287946400.0,32657.0,389511.0,336139831,1793423.0,0.42053558863699403,3.3045072108507196,-79717.0,1992391.0,356854.0,2148964,85.6626868247986,223.0,6151765.0,14.3373146653175,3741176.0,329.0,3.83,2.9963756300079063,2.652130770146684,2.5139642981905785,2.441648060638507,2.399913414304905,2.3750949643004864,2.3605326956133004,2.3525429366080446,2.348923403651536,2.3482855423691076,1.4613058666666667,3.653333333333333,13.619822222983627,3.83,17.7035
2023-01-01,-7.23067447543144,0.182439,54033477.0,1439525.0,7.5866669416427595,8.0489307641983,335187.0,2465360.0,287475936.0,548439.0,497034.0,336088426,3115651.0,0.636380072683096,2.91928593069315,-470473.0,1272390.0,-51405.0,2251590,85.5358004570007,162.0,1968227.0,14.464196562767,3579329.0,212.0,3.64666666666667,2.455118807984552,2.3526511480527468,2.287892315432493,2.2485627417907947,2.2257354065122676,2.2136761632114332,2.2087244084040965,2.2085172959624715,2.211505903779031,2.2166576128409377,1.3944356333333332,4.516666666666667,13.570079087822393,3.64666666666667,18.2439
2023-04-01,-8.652877062559131,0.186903,54976429.0,2704443.0,6.8671427667141005,8.18819031119347,572913.0,2105944.0,285771616.0,30000.0,281046.0,336339472,2383791.0,0.674482295289636,2.62878779321909,-1704329.0,-1411283.0,251046.0,2322414,84.9652290344238,152.0,2135039.0,15.0347709655762,3871196.0,222.0,3.59333333333333,2.2235778952110814,2.131179038248762,2.0637163914843546,2.0223990480639853,1.9995712201692286,1.9891605264099468,1.9870262699859156,1.9904181554285347,1.9975075257213144,2.0070665180545992,1.2832379999999999,4.989999999999999,13.516525845315124,3.59333333333333,18.6903
2023-07-01,-9.35981795191765,0.190191,56079596.0,2756527.0,7.295999675989149,8.388108760118481,204016.0,1457863.0,284622592.0,59795.0,1015380.0,337295057,1942870.0,0.282234256155789,2.02836953103542,-1148997.0,-3403516.0,955585.0,1512080,84.3838632106781,140.0,2475968.0,15.6161338090897,3059832.0,174.0,4.15,2.6312401025546106,2.41097727261492,2.2932018279793134,2.2236617266902887,2.18201049090367,2.1577384487934026,2.1447212258553683,2.139178517269828,2.13869071149146,2.1416656237064666,1.3378853,5.260000000000001,13.360653184994101,4.15,19.0191
2023-10-01,-9.05264541506767,0.187771,55566055.0,1883446.0,6.852307915687559,8.54529440402985,20000.0,1132116.0,284385792.0,143078.0,62212.0,337238161,1619224.0,0.5923246499150989,2.20290906727314,-236803.0,-3560602.0,-80866.0,1074360,84.3278825283051,143.0,3312194.0,15.672115981578798,3017620.0,185.0,4.44,2.8841447880968856,2.6425019581937925,2.520609108863357,2.448641590312109,2.4040450971241167,2.376124064331265,2.3589169269949877,2.3488307901640586,2.3435959507947914,2.3417291137848895,1.418289,5.33,13.29186976116557,4.44,18.7771
2024-01-01,-9.297210723161701,0.192724,57716949.0,1501113.0,7.151428610086439,8.65620970726013,471631.0,1268560.0,284044544.0,12974.0,471104.0,337696291,3403304.0,0.773027958348393,2.34168414026499,-341257.0,-3431386.0,458130.0,1583895,84.1124296188354,140.0,3644818.0,15.8875718712807,3018147.0,201.0,4.16,2.3097246439803776,2.282009133161745,2.234755271280175,2.2010095094378808,2.1804900083360015,2.1697372370563173,2.1657888653967827,2.166507168310125,2.1704121393491147,2.1764869793530566,1.3188080333333334,5.33,13.218249997930066,4.16,19.2724
2024-04-01,-9.56392288208008,0.190344,56943527.0,2776913.0,7.54571408033371,8.82807224988937,37325.0,732972.0,283727776.0,8065.0,602906.0,338291132,4821521.0,0.44074980542063696,2.10408084094524,-316779.0,-2043836.0,594841.0,1927690,83.8708877563477,132.0,3465248.0,16.1291137337685,2452566.0,179.0,4.443333333333332,2.788624900899152,2.6230568374233183,2.530149939396664,2.473049120330472,2.4370789701735776,2.4144412100678534,2.4005276614588484,2.3924711843608764,2.388426827188469,2.3871753885609195,1.3597192,5.33,13.07498843597521,4.443333333333332,19.0344
2024-07-01,-10.9333649277687,0.188251,56967213.0,2559759.0,8.05800035595894,8.98431614041328,60812.0,589768.0,282595616.0,0.0,262544.0,338553676,2852717.0,0.225925724953413,2.0467493683099702,-1132152.0,-2026991.0,262544.0,1234649,83.47143530845639,170.0,3781573.0,16.528563201427502,2250834.0,246.0,3.946666666666667,2.3796082077038903,2.337280330766112,2.2861093852789014,2.2505346796398578,2.2286968345135714,2.2167543386642388,2.2116456898877637,2.211212000656613,2.2139739513425525,2.2189204501989854,1.2887446666666666,5.263333333333333,12.98115119588095,3.946666666666667,18.8251
2024-10-01,-11.4095628261566,0.18531,56255766.0,2724200.0,6.884666532278059,9.0931810438633,63081.0,632849.0,283188416.0,0.0,904058.0,339457734,3174704.0,0.372697226703167,1.8239464610815,592803.0,-1197385.0,904058.0,2219573,83.42376351356509,166.0,5560132.0,16.5762349963188,1409857.0,239.0,4.283333333333334,2.4460535163536,2.369392676277113,2.3158686338279417,2.2826162494983784,2.2632858391972546,2.2532311638078135,2.249356460126097,2.249624856009209,2.252687768375805,2.2576411240792527,1.3178717333333334,4.6499999999999995,,4.283333333333334,18.531
