period,appreciation_return,avg_sale_price,cap_rate,market_cap_rate,starts_sf,starts_sf_12_mo,demand_sf,demolished_sf,gross_delivered_sf,inventory_sf,leasing_sf_total,asking_rent_growth,asking_rent_growth_12_mo,net_absorp_sf,net_absorp_sf_12_mo,net_delivered_sf,net_delivered_sf_12_mo,occupancy_rate,sales_volume,sold_building_sf,vacancy_rate,under_construction_sf,total_sales_transactions,bond_yield_10yr_x,one_yr_inf_exp,two_yr_inf_exp,three_yr_inf_exp,four_yr_inf_exp,five_yr_inf_exp,six_yr_inf_exp,seven_yr_inf_exp,eight_yr_inf_exp,nine_yr_inf_exp,ten_yr_inf_exp,ten_yr_risk_premium,fed_funds_rate,cmbs_to_gdp,bond_yield_10yr_y
2000-01-01,0.36337576606077737,0.6819211149253582,1.3802395943606336,1.743900997802211,3.041287506808119,3.2924314318916217,-2.173649210257024,-0.6604949072491852,3.003838309471735,-2.6770602971821758,5.295074248701823,0.7658227584359012,0.34817222821857613,2.8081736035208094,2.4870499541348865,2.962937226968224,2.773723028018779,2.5603210518815427,-1.466014004870093,-0.6133717726369988,-2.5603221068915394,2.2866181084744386,-1.4900487331910646,2.478999783671389,1.713626706449345,2.367983058741116,2.6150345492883043,2.737179586120022,2.807535540008116,2.8519961796686952,2.8819250817078648,2.902996867883721,2.918304928893815,2.929650441415563,1.3312283289958602,1.865409435053978,-1.9416663712205349,2.478999783671389
2000-04-01,0.07877268731098805,0.05595681602261178,1.7421321606206737,1.7783704774545284,2.5352776224311384,2.996353679004251,-1.8698758559704036,-0.6604949072491852,1.2285534902479698,-2.5745264080241825,4.621633693221571,0.8933261688171715,0.4216152573010769,3.535323320045512,2.7376425295157527,1.320060530935822,2.3661914789694305,3.1368252953376943,-0.9981028653011662,-0.5636744181558029,-3.1368245250684264,2.6036666251520932,-1.0753885218306805,2.2437441493427297,2.1031203343686626,2.533603312693038,2.6681136569117507,2.7256967887739068,2.7548909849094128,2.77120501289496,2.7808975393928934,2.786858026839868,2.790544310278865,2.7927420914587997,0.20993438165651973,2.1616585379664115,-1.918510418764971,2.2437441493427297
2000-07-01,-0.06325692498565896,-0.31939160502430186,1.9755113213429754,1.983072094055798,3.920072123384488,3.289109515773597,-2.002495583112512,-0.6604949072491852,1.2076256800932808,-2.472875922247699,3.5198611873998167,0.061910055638686796,0.3442980682867471,-2.159841588033085,1.16361395708987,1.3006936038772319,2.2310508955118014,2.339564556761483,-1.2723956022898475,-0.8877717668704814,-2.3395648626179533,3.3216322942382277,-1.3481912924625121,2.0239998755192503,1.6661430199675855,2.1149477800127787,2.2345229607688317,2.274727595491375,2.289880838878205,2.2956751750441486,2.297621246067948,2.2978855981570203,2.297379769254206,2.296502686073909,-0.5342707022076946,2.284130234142501,-1.8314292335139017,2.0239998755192503
2000-10-01,-0.2796748486710052,0.21878416370017906,1.8616523167821497,2.026156992273128,1.895416014967878,3.148478271020373,-1.8446961619934816,-0.4796202476799475,2.448885532728421,-2.3211170771427843,2.5606077781244605,0.22151786966252468,0.5518146938074804,1.6307556033851203,1.9801256346149347,2.399223404025462,2.214525321172898,2.274869965364884,-1.2239910016447861,-0.42008698933740674,-2.2748698985719003,3.090397091192271,-1.2827186275108726,1.7706476539345437,1.6602791277431195,1.9908872067804102,2.053454943099376,2.0612938222470594,2.056037464755468,2.048074697073433,2.0403031654626154,2.033462939103416,2.0276303903097914,2.0226884126502407,-0.6860630966282211,2.260959913244322,-1.7412350466988886,1.7706476539345437
2001-01-01,-0.36514723107826624,-1.058435425293265,2.4511469374376937,2.0977723338700915,0.2285480452764982,2.3551488118192845,-1.8110947817331864,-0.48936486996424017,1.8747199514208897,-2.193471627134164,1.1499607693998912,-0.5023991564615105,0.18181673889448818,0.010309707699061983,1.0129703194190103,1.8705834036134408,1.9055943563469329,1.9179295945352028,-1.2723956022898475,-1.1356999981468114,-1.9179291427635272,2.5563064054102296,-1.3591034032877853,1.369937507550558,0.6601935972492166,1.0211751205397508,1.1117140262797702,1.137700738080968,1.145230485000287,1.146981595706294,1.1470011313046777,1.1466718560351923,1.1464655910718236,1.1465253499873334,-1.2123970372796722,1.8240338620215153,-1.8758707051843853,1.369937507550558
2001-04-01,-0.340007605325525,-0.1418564377470089,2.8283832306234697,2.1354220772507335,1.0827969412803908,1.945478549416135,-1.7159198165561353,-0.1970035921030134,2.2164418717968775,-2.0550990884055698,0.8436438386003887,-0.45189977679027393,-0.20539742096103766,0.8136679291230322,0.07215848028942691,2.1057542770097792,2.127798116559818,1.7171369488987744,-1.466014004870093,-0.962612994639045,-1.7171361187359342,2.1631909865581056,-1.4900487331910646,1.5405624731076086,0.9719992810278153,1.2924264866809816,1.4077183421824877,1.4632539116688814,1.4950085225718879,1.5152595311417967,1.5292384066963933,1.5394972822567663,1.5474008366548488,1.5537308937319032,-0.40503927075956736,1.1951251519280812,-1.8258769244116964,1.5405624731076086
2001-07-01,-0.37111300140687653,-0.5189910180090703,1.8131960460568648,2.164001954781557,0.04134571261927147,0.8514888756744468,-1.7654491047085423,-0.46205279636928526,2.348462302149063,-1.9078014875678269,0.1917465972513235,-1.652872051710467,-0.696535834781115,-1.074321067168702,0.4473972269189821,2.301419168586289,2.410815493916649,1.0561843791953185,-1.449879137988406,-1.0072056575261568,-1.0561835211482997,1.433692334760755,-1.4791366223657914,1.3156477457824058,1.15445622840458,1.3974783625629077,1.4827255130897359,1.5240365604662374,1.5477783399526204,1.5629291133317296,1.573369979866954,1.5810185975124897,1.5869078230762914,1.5916298474276238,-0.4176728557574372,0.7830244445247516,-1.6022439990827344,1.3156477457824058
2001-10-01,-0.2841421477002235,-0.5003812436458474,1.761909910909983,2.0742746339908438,0.8317967455435566,0.5514964621045174,-1.7690010683979065,-0.5520530123932785,2.0331180484025535,-1.7726768955618182,0.7619612305776348,-1.4759301104375675,-1.1739199709923804,-0.47445303603804434,-0.28032356330783914,2.0345492662715987,2.30768120645896,0.5871996405477838,-1.4337442711067188,-0.9905935738752932,-0.5871987627153101,1.0240187148682627,-1.4682245115405181,1.1527784604779474,0.49353723460889026,0.7375404347220235,0.853669350705691,0.9212244858867192,0.965077003741733,0.9956253027307569,1.0180822084496433,1.0353374327177527,1.0491008726057074,1.0604344291733334,-0.9151789249379874,0.10612006971366053,-1.3830386901538934,1.1527784604779474
2002-01-01,-0.18827570093549856,-0.008263135716378515,1.914828585103665,1.9745035078445776,0.8012402516276766,0.713023544355449,-1.7705474481698504,-0.6454220189517488,2.31755833044243,-1.624364639027467,0.42142455709294546,-1.8301287095750545,-1.543794882835526,-0.44827674082276237,-0.43884604248456094,2.323663551251232,2.435817790192757,0.09042650186301728,-1.7725764756221485,-1.154524902886864,-0.09042671283319455,0.5203434144028287,-1.6973788388712567,1.3906193215574765,0.15712347825325715,0.7306964400647562,1.0278124275166842,1.2047448156025746,1.3202056694748083,1.4003119198677976,1.4585282052401671,1.5024430843066157,1.5366026113912334,1.5638598451306296,1.300375998507495,-0.09248268084216077,-1.3817815670177687,1.3906193215574765
2002-04-01,0.043618150755253104,-0.6008880326544888,1.5827719524053732,1.7826304871174368,0.44482425047380225,0.5330841874741488,-1.6470705933088177,-0.5964351319850802,-0.016737020687356333,-1.5752070726134249,0.31652119657208333,-1.261705338675665,-1.7663695061077116,1.1829349213961284,-0.31119918488127357,0.1498868923970261,1.882674673666301,0.2903757296069347,-1.3046653360532217,-1.112972857789616,-0.29037520917226994,0.6150689322585114,-1.3591034032877853,1.408715908813524,0.7221064158342004,1.1323896019147925,1.3541891670606043,1.490755179134843,1.5813622787888282,1.644661775642651,1.6907435536356068,1.725466062720661,1.75239958900416,1.77380608767813,0.9183560092120583,-0.08420756623566823,-1.2902685502647313,1.408715908813524
2002-07-01,0.19867198999484637,-1.0525745248397105,1.0353553811567042,1.6051480079897593,-0.6419312780000025,0.3403668125213452,-1.6609546502713868,-0.6604949072491852,1.112173594750818,-1.4775858041482766,0.6696806682544586,-1.4296124470955502,-1.704770905062793,-0.6092495545258365,-0.15043497255826901,1.212360731935368,1.5746756843341114,-0.06812718384462015,-1.0142377321828533,-1.157738566635179,0.06812697956348311,0.06156803174582499,-1.1081248543065003,0.7572387675956933,0.19351812284193898,0.4147634390488337,0.5464846069387221,0.631142083485538,0.6889912053493064,0.7304765328465194,0.7614895769603973,0.7855415232729891,0.8048120243725149,0.8207013798889466,-0.569368253510459,-0.08917263499956378,-1.1968002097107107,0.7572387675956933
2002-10-01,0.37622439595253276,-0.6819978623159128,0.6750790672762482,1.570944778941378,-0.2025264957338965,0.04863730509126834,-1.655473636688849,-0.6604949072491852,0.0534517564968561,-1.42465523409246,-0.006387774685162018,-2.420227117955408,-1.9654260448251633,-0.35659449686898376,-0.10969406562251356,0.23260277038836233,1.0650632697152511,-0.2227508381093346,-1.2562607354081603,-0.9309038824650105,0.2227506403514312,-0.04923696595387634,-1.3481912924625121,0.56076153453,-0.08092253581803693,0.03223473298120472,0.12062711477446068,0.18304113385147877,0.22787254552171207,0.2611487165449865,0.28674025274714293,0.3071162221650766,0.3238744004093479,0.3380692599748105,-0.40333074374482836,-0.23646967499513125,-1.0458292130413873,0.56076153453
2003-01-01,0.3759631406218304,-1.0785503711575835,0.8825882306235763,1.4493914046897505,0.11676694712584405,-0.14441748861590795,-1.6757826268663227,-0.6455388338360539,0.9895331949750867,-1.3324000120739152,-0.17297557925227147,0.9838361267283187,-1.193194985343596,-0.6930921120813472,-0.1943209439735286,1.0947204417806504,0.7175031912793286,-0.5749917436291696,-1.0142377321828533,-1.1331726077441568,0.5749900810509987,-0.3497469179627243,-1.1626854084328666,0.4935456390075239,-0.02856277332308124,0.0461890229495182,0.11074035286602237,0.15794075025763593,0.192527136307092,0.21859625896197477,0.238932827078045,0.2553615906596395,0.269080916859163,0.28088933960731444,-0.6966786890531296,-0.3324610044304449,-0.9942392447157664,0.4935456390075239
2003-04-01,0.4561175268288455,-0.43858491578672065,0.9207800182568633,1.3495699771264693,0.37012294269297996,-0.16548689405280664,-1.6140540114901967,-0.6604949072491852,-0.5974623007971507,-1.3069457845037662,0.8152143867185307,-3.840891021705828,-1.9165487178938603,0.37729232513371624,-0.47281251759404835,-0.3697634101075658,0.5705397570032277,-0.4785816801134492,-1.1755864009997246,-0.9684223477641282,0.4785807533081723,-0.10217086819609948,-1.2827186275108726,0.26087523142972735,-0.01627951584063201,-0.06090091346059555,-0.05860268013168252,-0.04828176799423767,-0.037531074849750615,-0.027780560328378858,-0.019097107324928517,-0.011261487972359902,-0.004035852223803662,0.0027761088970025957,-0.5260869548037654,-0.33411602735174334,-0.9012468999802588,0.26087523142972735
2003-07-01,0.6116035075081967,-0.5670415946506148,1.663702660246839,1.1539217483246762,-0.3103040409707248,-0.07195186878405031,-1.558895547733955,-0.37687590460047166,0.14991658707608801,-1.253530333891008,0.2652672609359901,-0.8651619532561201,-1.7619853851964549,0.2915654583857253,-0.16142209254629306,0.24323284785351643,0.29645858855025387,-0.48952539718880084,-0.4979219919688651,-0.5250602140267959,0.48952447084525985,-0.2726169432588782,-0.7589373078977558,0.7365569535887755,-0.35230876141862083,-0.11952406919650463,0.030147777558653298,0.12793576486526934,0.19542801301297244,0.24427474671939298,0.28111866166218397,0.30994523687239495,0.33324424000146374,0.3526260857180287,1.4803140545041462,-0.4483126089213407,-0.8750850987323179,0.7365569535887755
2003-10-01,0.8912084400740562,0.023914570773742684,0.6608628755712941,0.9051812411141413,0.7513894838621095,0.1970988764293342,-1.5327591784539585,-0.4471344051768975,-0.0358764379155766,-1.2067258250490007,0.09123615880539603,-0.8227513250765636,-1.3178160497194513,-0.0928512197686532,-0.07025228522446199,0.09077785244851391,0.25634877449663435,-0.5621096450815724,-0.6754055276674236,-0.21271685606870075,0.5621094616404896,-0.08478658531761663,-0.8025857511988489,0.7779205816026118,-0.10369363850015864,0.04681347546705428,0.16118010710920963,0.24093934839497616,0.29768416059621283,0.3394116929903232,0.37118136036986316,0.39619412893575756,0.4165105378049939,0.43348596404511225,1.7305765419963306,-0.45824274644913177,-0.8627692403637873,0.7779205816026118
2004-01-01,1.2135871132322866,-0.3628243373084874,0.886566260247979,0.6729057753226367,0.012093640394602452,0.16757590817806658,-1.5016687029121945,-0.5389998911276985,0.1404801047027123,-1.1516582347284636,0.5535447275501295,-1.0655722599018216,-1.8777858816044366,-0.02245966936167078,0.16156947440000421,0.27945284641917717,0.025781169530635233,-0.645909871264153,-1.0303725990645405,-0.8768278413501394,0.6459111710389757,-0.1605254246637528,-1.1299490759570467,0.5711024415334558,-0.2808112042076239,-0.05840310339045495,0.09422278406327722,0.19651374982505124,0.26785850799390093,0.3196872544170439,0.35878908141868493,0.3893254386182921,0.41392744344234816,0.4343086223802538,0.6939315863872029,-0.4549327006065348,-0.7231120633644403,0.5711024415334558
2004-04-01,1.3213715958130556,0.0423041681968499,0.5697786597131216,0.3912013619074139,1.3609013090436162,0.4470236410075696,-1.3567014865250706,-0.5214475127053337,0.27028085039994987,-1.090952227961036,0.49820713822717694,-0.013541447603100606,-0.8028850169684915,1.4633329313378496,0.5369880022195759,0.39470570517937165,0.24198234566598067,-0.4256357519913707,0.0022588813634359783,0.07027107743865826,0.4256355627927439,0.10919909799198836,-0.40974976148901127,1.0209318961838627,0.2553736454121684,0.37560817502675237,0.481995326323514,0.5602265544696808,0.6169413712332198,0.6588469242378906,0.6906864010683365,0.715607379043404,0.7356820303706307,0.7522893945245186,1.384215299008498,-0.4516226547639377,-0.6465178150934936,1.0209318961838627
2004-07-01,1.3293781066824633,1.9091387305108614,-0.04550201563221217,0.15550713428952556,0.6566680355163632,0.7197568411470279,-1.2103183906893964,0.6571204643815967,0.2729498913583921,-1.0454208284484552,-0.25605496011057166,-0.3719999593211627,-0.6632320631794005,1.4818015618180311,0.9484244468199463,0.07039012868425679,0.1931003196644475,-0.15596397846713514,-0.239764121861871,1.344093571840982,0.15596525757219593,0.17742939512267325,-0.6389040888197499,0.7908467153569276,0.5806973826536485,0.627167172252605,0.6899628274754058,0.7414809236955381,0.7804573198393946,0.8098568839043733,0.8324683225025163,0.8503268427818067,0.864831467822951,0.8769326992703745,1.0024918423822835,-0.2414347437590268,-0.5268074971201218,0.7908467153569276
2004-10-01,1.1482281026850099,1.1918773294660256,-0.3339205454604245,-0.08765945555466798,0.6455543151873303,0.6899061712653962,-1.1166122900546045,-0.4570109152337927,-0.11712186404480797,-1.0022640759410033,0.028829492627458417,-0.20973465749761863,-0.4888763984976117,0.7945103856005045,1.2551643473616438,0.018330541522986073,0.17261133781190643,-0.02809294788046571,-0.3365733231519938,0.7732264475262846,0.028092741910366086,0.35946126796500644,-0.6607283104702963,0.6900228720732158,-0.02018407980474571,0.22105059430778992,0.35545810971350505,0.4388446374974634,0.494962019352029,0.5350057134224845,0.5649598928827418,0.5882832401229573,0.6070853040905967,0.6227074001824935,0.29939533187268597,0.015093809042242414,-0.3855957535590108,0.6900228720732158
2005-01-01,1.0872539334640399,-0.027531343976709154,0.38673025255947757,-0.28330248076159287,-0.3409246867730577,0.5903378172069326,-0.9834617307699696,-0.49887586247992255,0.3611467917605206,-0.9383891883880816,0.00604910494396998,-0.2044082063561212,-0.24189475683088207,1.3091476313841637,1.7154694682051927,0.4725359686408218,0.2272175963008915,0.1442631976540068,-1.111046933472976,-0.6282025008332175,-0.14426341089543654,0.11694835503813611,-1.1735975192581398,0.7856762618552049,0.2404053958703038,0.4584935595421169,0.5712474149302532,0.6394060665435746,0.6847016510710068,0.7168012209445319,0.7407303297151716,0.7593435514426643,0.7743610214759592,0.7868661705115427,0.49784035202898763,0.2732773847648103,-0.3618322853912974,0.7856762618552049
2005-04-01,1.0240016781402783,1.1678902051482067,0.11079428457307257,-0.5326535431029636,2.833657550307202,1.0057267746258507,-0.8136003511886876,-0.4810898542889475,0.6622222893171856,-0.8620302707222577,-0.6658004166323113,0.21392963896561662,-0.17677649727878791,1.788442277872264,1.8278520730167405,0.7462244168113797,0.3266313690337454,0.37784852282317594,-0.8367541964842948,0.15770985396619835,-0.3778491158392413,0.6888525984017335,-1.0426521893548608,0.6796819650697614,0.646935741756387,0.7181919064006124,0.7436493102835693,0.7576283767135136,0.7668373618276826,0.7735888911872024,0.7789598535379603,0.7835238548429886,0.7876081046862433,0.7914081681531464,0.12178658156279491,0.5082906395891987,-0.14874342011902195,0.6796819650697614
2005-07-01,1.0216583590721233,0.6869403103906994,-0.9939049689508058,-0.6436904521321976,1.1673016077095488,1.1497503008778522,-0.7169408221823526,0.2979297680316109,0.4733029638120157,-0.803498696371821,-0.5547116883499432,-0.20956205046786291,-0.13001099008229824,0.9042427913687885,1.6282036785711818,0.3553940613198844,0.4072339521948631,0.4626016632562558,-0.25589898874355815,0.6845192145708564,-0.46260188992770324,0.8425254880113557,-0.6498161996450231,0.7210455930835887,0.5169035677925754,0.6974541979256014,0.7411636001842538,0.7536714334033817,0.7576287389343296,0.7591041358135161,0.7599875866443805,0.760903032896032,0.7620495370030336,0.7634762172267113,-0.6646388422211861,0.7648191923904678,-0.01287508019329489,0.7210455930835887
2005-10-01,0.8882274013800531,0.9934228365698585,-0.022877327832761966,-0.7618823041009566,0.9484925909952486,1.235193642433255,-0.6547431906063604,-0.6499438854409797,0.409612917489391,-0.7356673188252258,-0.397214229177995,0.2329832859152975,-0.002553284862895996,0.38341813030468364,1.486098817666767,0.559274433445687,0.5602194728892104,0.4231267465260423,-0.20749438809849674,0.5296434101174781,-0.423125491851526,0.952940128186735,-0.562519313042837,0.9356194134053378,1.5333249430099356,1.474294596644335,1.384820912815257,1.318040642946629,1.270119904594156,1.2352925208838939,1.2094800252788902,1.1899883665668731,1.1750363657655625,1.163425147371446,0.2914448383596566,1.0230027681130358,0.2304950447334951,0.9356194134053378
2006-01-01,0.6646167750239715,0.5469434241722101,-0.6960087408597232,-0.8108793533508664,0.4160283694416879,1.4486912546153867,-0.5671411690079036,-0.3060446342687433,1.200551140903095,-0.6345614300729384,-0.7259671215948827,0.10784600873820928,0.08772496994164894,0.64615724263365,1.2569187351897588,1.1958670811721557,0.7647863208329162,0.35105742745185214,-0.3365733231519938,0.21867194212979874,-0.3510583892577684,0.6744374703266373,-0.6279919779944766,0.9976648554260836,0.27529002816352277,0.7001150454356176,0.8344828515367468,0.8888472719614712,0.9157607071649704,0.9314070984527973,0.9417925175397798,0.9494604014643222,0.9556039078400972,0.9608328128396292,0.5656456415027866,1.259671045858723,0.3593261172206137,0.9976648554260836
2006-04-01,0.5483807417977019,0.41944378107468533,-1.8131201297352757,-0.8609362014216313,1.5485443889207329,1.0862267806467343,-0.4811885537524911,-0.591543979732562,-0.35433231470839205,-0.5997162756949861,-0.2280497839364393,0.445334634940668,0.15455979799718567,0.7163991684890427,0.8863388106596468,-0.16388532733566785,0.5073962011248425,0.47812647120034396,0.3088213521154915,0.7399835636787669,-0.4781259586864724,1.1849364099097743,-0.2024196558088192,1.3854488680557446,1.1142304142979713,1.34674102491296,1.3888245373898889,1.3928046585394767,1.3882670940428758,1.3823957380377736,1.37708121067964,1.3727352510171207,1.369338526808168,1.3667604574424748,0.846607574259797,1.4830991402340221,0.544778007311694,1.3854488680557446
2006-07-01,0.4505097560923774,3.8114020691050445,-1.2080178606606795,-0.9450314980367303,0.16965186152105852,0.8048409841873487,-0.394856211992166,-0.6604949072491852,0.6504904768809872,-0.5215835454236172,-0.5691775831262744,0.03651111177139521,0.2260819211471954,0.6982969981405622,0.8151482252775729,0.7851118606068949,0.6289256282191897,0.4729831017366119,-0.5463265926139265,1.0141934372102699,-0.4729825890057059,1.0011646868354453,-0.7371130862472093,1.251017077010798,1.1183843239349083,1.3348338017029597,1.3589424897058373,1.3493074116690968,1.3349165721417895,1.3218709229622834,1.3112358673412357,1.302862298125802,1.2963573864616889,1.291340143182213,0.150187667696681,1.65191147820647,0.7979167983347972,1.251017077010798
2006-10-01,0.5153304329407864,4.199516558832188,-0.9742638033696577,-0.9962574204205303,1.7966791337293333,1.0440708810376111,-0.29923283592946864,-0.11317949205889478,-0.165811538889487,-0.4848307048914222,-0.098906098254662,0.49876408702743275,0.30318580996437583,0.8195280907050809,0.9659011145946738,-0.1220629624078923,0.43623511478589405,0.6190127715808026,0.7283278910393569,4.233643881779064,-0.6190133747710611,1.525846842174372,0.1795042230757451,1.0441989369416427,0.06934289768967405,0.5604224325982738,0.6982735679096013,0.744639378864797,0.7629122448946531,0.7713418646890521,0.7760609807980102,0.7793451896160908,0.7820966819401556,0.7846895308366055,-0.5307959120666085,1.65191147820647,1.0551601381009836,1.0441989369416427
2007-01-01,0.4567571872701932,1.8203285793304593,0.3365353723202286,-1.0230585357733053,0.22341470636236122,0.9897444511441523,-0.14922712961281892,-0.2965675557517301,2.5824267744896687,-0.3297499942764429,-0.9063707018412326,1.170076844320879,0.6125055785399798,1.529062916838085,1.271100705217599,2.472048942594236,0.7971548875859852,0.5504443766007882,0.13133781641693304,1.911155655232468,-0.5504434972176926,0.7780768851969568,-0.08238643673081328,1.0829773382046086,1.0166628103453357,1.1793694910071886,1.1759511172847763,1.1499327743206142,1.1249801903882966,1.10477154556012,1.089097427453621,1.0770818195758138,1.0678953484112885,1.0608835646183417,-0.20112502422275333,1.6568765469703657,1.1275681242619406,1.0829773382046086
2007-04-01,0.32805311268025217,1.3711739122642437,-0.6240805303173496,-0.9723755217871028,1.3179884489981508,0.9247164520578869,-0.05375878400949165,-0.23555250392370722,1.4374036871741975,-0.22377461603870547,-0.7960929837248962,0.968900285796641,0.7660304890304839,0.8204426407717497,1.307066070573624,1.395508587141468,1.2381704781788283,0.4857764194534334,-0.14295492057174822,0.8443141869626741,-0.48577664710257745,0.6855929607224853,-0.3551892073626449,1.212238675747832,1.39533926956187,1.403498348850202,1.3392211836650223,1.2840698398955728,1.242563943268827,1.211751563479512,1.1886881054135252,1.1712037478094224,1.1577869097808262,1.1473911372228234,0.051321735843828334,1.6535665011277685,1.334875980686477,1.212238675747832
2007-07-01,-0.004958857301391806,1.4993361831053547,-0.7567683059974004,-0.8929305044497803,1.9970183471346568,1.4401227616791212,0.0509368175426695,-0.15604301815472976,0.2251036063597183,-0.16997837167226493,-1.0235631605649402,0.6642044277977682,0.9517469258106175,0.9378811110125503,1.389884626739519,0.25158102152626866,1.0872814591104605,0.6017567374362905,-0.48178712508717797,0.4617670359062362,-0.601757339898556,1.150146514990595,-0.40974976148901127,1.1217557394675752,0.8730524066733457,1.0584025578229188,1.0835090983957942,1.0792674206423531,1.070191415181159,1.061658330665499,1.0547493670476114,1.0494666473744982,1.045567026250079,1.0427903255942783,0.18540115311155259,1.5658502862989474,1.5959288653275536,1.1217557394675752
2007-10-01,-0.46518519119909885,0.3621122221764562,-0.5647238039527961,-0.6973837457478651,-0.02556232895540907,0.9261619580224986,0.10005399941067526,-0.4980280125131918,1.6648457188985084,-0.05108255175686063,-0.41933377169312985,0.6388385008586736,0.9932568847315173,0.19148823691708383,1.172786116818066,1.6787645229617623,1.5965774039278515,0.3777863762416442,-0.3043035893886195,-0.07138559191921968,-0.37778696925503125,0.606572815976757,-0.2788044315857321,0.7572387675956933,0.6806616984478415,0.7498012449942096,0.7234514352414305,0.6910872918487316,0.6647726935527136,0.6449264951505578,0.630247901257907,0.619462845181351,0.6115931680438014,0.6059312755071857,-1.1097828770611518,1.279531320914305,1.7440357965014444,0.7572387675956933
2008-01-01,-1.025306700499651,-0.6277965904291565,-0.3448558586554013,-0.45885095713106044,0.4206865091969138,0.9818022100965885,0.12830879123358258,0.2213105085936669,0.32685119609485175,0.003103446216290111,-0.5758825694511747,0.38261917180008725,0.7610847925424402,-0.06191574362900942,0.6228224569946095,0.24110975787816818,0.965640632282076,0.29221941152633785,-0.3365733231519938,-0.8062067021167083,-0.2922211106903333,0.5913894995038405,-0.25698020993518556,0.294483179190962,0.2847612034137955,0.17254291547897432,0.1026829144507925,0.05946732052852936,0.03164204376771601,0.013213897020352883,0.0008430585303864469,-0.00742932430885347,-0.012803617765467207,-0.01604476398847667,-1.5056696946984331,0.6241422440800943,1.9397240073358288,0.294483179190962
2008-04-01,-1.6468426206700604,-0.11263413487021154,-0.21681978821747752,-0.11424635625215511,-0.1170547990163545,0.5770501527348324,0.15315291295034925,-0.4683909458983573,0.814852141689424,0.08574455530081217,-0.7082261997263323,-0.04152624561312293,0.46484590349366234,-0.10394343986859066,0.30328407182885997,0.8839494306846599,0.8209654726489045,0.1155810705868233,-0.25589898874355815,-0.5313023462282332,-0.1155805427779422,0.2766252345318243,-0.4424860939648311,0.46769337149888235,0.45694452273760877,0.32827685789994215,0.28082143636021806,0.26085284461440494,0.25150666246946213,0.24703948869375186,0.2451667922380225,0.24485852384049875,0.24559934010709442,0.2471068868158187,-0.41550290173871907,0.08294974881548128,1.993229378094915,0.46769337149888235
2008-07-01,-2.291954381461148,1.429541770627284,-0.2939332380181292,0.2522003340730625,-0.7490566123912253,-0.1974766715093295,0.049633776719610015,1.534415318401441,0.07645925085012843,0.11188607032050492,-0.12897246778978175,0.06349362045912003,0.28992195313217495,-1.778761457366028,-0.6357949532154104,-0.3546959492146046,0.6495029615849327,-0.2283588272542145,-0.32043845627030665,0.7859379373622678,0.22835788989261846,0.0031698012793533155,-0.24606809910991229,0.44959678424282656,1.3311101798598115,0.9496605333633501,0.7782982258254417,0.6892366853303329,0.6363414280876497,0.6020558277794668,0.5785352569112973,0.5618071394470608,0.5496592867680036,0.5407648377363159,-0.5623359951164616,0.010128740278346985,2.0207203044805557,0.44959678424282656
2008-10-01,-2.887066206443893,-1.1120701085207905,-0.23770657788165,0.7562673650617547,-0.43153209840053125,-0.3119799100959969,0.06593552388400027,7.417254342450744,0.0812441051571835,0.06382603824357791,-0.2752534358851572,-1.1197367705483343,-0.21933585266615674,-0.2154049293587217,-0.7764482884502765,-1.9814227428114957,-0.38564257393977003,-0.04726368860902686,-0.7722147289575464,-1.145340989391756,0.04726348344770038,-0.18123163991747276,-0.6389040888197499,-0.023499711165360215,-1.784518865311081,-1.1668854781424989,-0.8774770020808513,-0.718911478768529,-0.6192566325056905,-0.5505344295622143,-0.49989927197174694,-0.460669078491217,-0.4290361514319962,-0.402676726432678,-0.24814716107282647,-0.7015311158800128,2.3343253572740967,-0.023499711165360215
2009-01-01,-3.2599512065209186,-1.3969291622573532,-0.7660268996242896,1.1557100504266618,-0.8011229962352154,-0.6565896713084376,0.06604345648229587,0.056556303058537455,-0.45629329223588827,0.08617033895480447,0.024943079473263654,-1.6690799081924954,-0.8048818122320919,-0.4266827975163271,-0.9025396238802518,-0.4379425996997779,-0.5776868507196454,-0.11165642518089065,-1.466014004870093,-1.4062936380152724,0.1116577024167606,-0.3097713281605948,-1.1735975192581398,-0.42420985754933815,-2.967606082213219,-2.123732627297727,-1.7090059879666792,-1.4764487011190888,-1.3284798364495025,-1.2258626828513506,-1.1501661308570597,-1.0916363068470722,-1.0446418295634154,-1.0057122123012403,-0.9191012854162673,-0.8620683392459685,2.4522850552202904,-0.42420985754933815
2009-04-01,-3.3443771119937526,-1.2232682703568,-0.7660268996242896,1.4139930833540084,-0.7142696579631395,-0.8250333354141475,-0.0734142913645576,-0.6522048186855952,-0.6419316393039883,0.10964258031288976,-0.2904272513648284,-1.676846468693412,-1.2642498403942872,-2.269513183823183,-1.6511258190203886,-0.41321466148788466,-0.9445406539147918,-0.5406394808355321,-1.353069936698283,-1.2625019689954404,0.5406400363289907,-0.3578929651376712,-1.2827186275108726,0.02303437035019916,-1.2054450838475934,-0.9734065979878933,-0.8250876533264093,-0.7302841935466515,-0.6650715732658355,-0.6174729063892385,-0.58102187931039,-0.5519517435904393,-0.5279394610650535,-0.5074877033923225,-0.36981608567794283,-0.8637233621672671,2.428168890679108,0.02303437035019916
2009-07-01,-2.9801945129654004,-1.3790474396427794,0.5547749718003426,1.5311216674386572,-0.6156028686005339,-0.7873928828099169,-0.1103890559243095,-0.2156261455944962,0.6868330147030247,0.18368289771380145,-0.7611206283727747,-1.8992118328433316,-1.8063128552665477,-0.9061934794532466,-1.3494997252820988,0.6953935470767869,-0.6475625555120104,-0.8464213776030659,-1.0626423328279146,-1.3409006539060542,0.8464219459967582,-0.7763460744670417,-1.0426521893548608,0.18073320215293337,-0.10638835133766107,-0.1689176896490338,-0.14578444515845135,-0.11397992523223732,-0.08605548263634563,-0.0631648748992008,-0.04442701292049433,-0.02879602304548211,-0.015423370761666545,-0.0036804675150627127,-0.12663158358014637,-0.8753085226163566,2.2735305657140596,0.18073320215293337
2009-10-01,-2.221418892510388,-1.373663798918466,0.02963664693000718,1.4595687689801018,-1.0104185257881158,-0.9506670369429729,-0.19353836724035378,-0.073613160278124,-0.8765769203154655,0.18993253817708472,-0.1608175774759704,-2.091696013165095,-2.0727053707706315,-1.5129826462590437,-1.798041624569645,-0.7907871977386349,-0.31083632282871715,-1.078287314015973,-1.0142377321828533,-1.2796361457657297,1.0782871523513116,-0.8385029772969339,-0.8680584161504885,0.13678434738823572,-0.47442873634687494,-0.5002019949733493,-0.4508476291065342,-0.4021106483818245,-0.3625637191972375,-0.33124648546819047,-0.306124686486803,-0.28547797780829476,-0.26803954521271883,-0.252909702262753,-0.6515604582194781,-0.8935137747506402,1.9795931728593963,0.13678434738823572
2010-01-01,-1.1256546250290411,-1.2970011240627302,0.9494236811371477,1.2087017260013508,-0.5854455419781393,-0.88983549513552,-0.20187566985596855,0.4319051356633751,1.4662245875744322,0.2886827957825312,-0.15280937349264878,-2.0061509758307237,-2.164705571739477,-0.5370265035916408,-1.836184831602885,1.2371116563576243,0.16288942096957448,-1.3748715167136754,-1.4982837386334673,-1.3711695771355592,1.3748713675612627,-1.48207388281452,-1.3263670708119657,0.3358468072047976,-0.3841569106606594,-0.3828834486010051,-0.314052891290887,-0.2519059989259126,-0.20307391897001958,-0.16519879348135316,-0.13534058852090428,-0.11120302666052775,-0.09114962285541157,-0.0740392804828815,0.8469613811517395,-0.8868936830654461,1.804691889997006,0.3358468072047976
2010-04-01,-0.026507657651782143,-1.2915285737930746,0.46406920940428636,0.8931323172039666,-1.0631086085281767,-0.98822506152975,-0.21877791474905792,-0.026668649675758088,-1.1272883827307638,0.28375568681670554,-0.3225738828320692,-1.0172428194570327,-1.985255902414381,-0.6467317048959995,-1.275227690303142,-1.035816020897479,-0.013189826021712368,-1.404506558031351,-0.5463265926139265,-1.1733067924076432,1.4045078898097294,-1.4840669745280362,-0.5516072022175638,0.16005138814601558,-0.8440332408396322,-0.6703897030155472,-0.529144716213097,-0.4304904086119195,-0.3601112522169069,-0.30807919971939496,-0.26819988783932425,-0.23657772025671875,-0.21070582499256013,-0.18892997457933064,0.6794513695956254,-0.8571032704820729,1.4583370272510274,0.16005138814601558
2010-07-01,0.8513476478986225,-1.1279693999050278,-1.618978483317867,0.6500836755100511,-0.673991777253836,-1.0046935762851275,-0.24942390422693206,-0.566496607604297,-1.1251736984180893,0.2857453460943942,0.14336546103509737,-1.7792854235642115,-1.952345712642957,-0.8279614425167044,-1.2481847271144133,-0.8841791256158513,-0.4599122151913756,-1.4884695490703446,-1.1594515341180376,-1.0199112368739955,1.488470144550667,-1.3758028555967974,-0.6825525321208429,-0.3854314562863718,-1.5087118355674933,-1.3586881261485322,-1.2342522741540052,-1.1483998032927871,-1.0869703271120017,-1.040983652530905,-1.0051063489079257,-0.9760574637962116,-0.9517405867259512,-0.9307712471983915,-0.8288177110818945,-0.8604133163246699,1.1905093097587953,-0.3854314562863718
2010-10-01,1.3323946730823972,-1.2971143579176467,2.0824486112676417,0.39502773866489,-1.0723726161311482,-1.0221676458387894,-0.2092101805128734,-0.5230942257518286,-0.9226585221423774,0.2957346290445607,-0.526545025214022,-0.942155846137544,-1.6359172511228306,0.09658546451331254,-0.6917951343868743,-0.7088026991679403,-0.4367260005210842,-1.4131419735061517,-0.5624614594956137,-0.9684883482150745,1.4131433056488891,-1.4417973148344874,-0.6825525321208429,-0.3259712410164956,-0.9715923254197771,-1.1351050088392167,-1.1589148487156995,-1.1550393741059786,-1.1447696444470306,-1.1333382260922462,-1.1221318532870765,-1.1114340985696705,-1.1012011265832995,-1.0913064071595031,-1.0396736857896982,-0.8604133163246699,1.0139035659188032,-0.3259712410164956
2011-01-01,1.3872785632693818,-0.7319281209490732,0.8644011230811132,0.19372667130796797,-1.0448787807944502,-1.151750185520825,-0.24773524966632562,0.028912625921038944,-1.1339350173002856,0.2898239855737609,0.13695246220568244,-1.18167758360917,-1.40658806687316,-0.9307591103778863,-0.8278991757549843,-1.0573781310457377,-1.0856356565782148,-1.4954033319550482,-0.6431357939040493,-1.0506795963517062,1.4954039277278903,-1.436602140323887,-0.5297829805670172,0.13678434738823572,-0.15083128585511296,-0.22157495816490885,-0.21583400282289364,-0.19988334830218435,-0.1857502637344773,-0.17518756861237691,-0.16787506268325206,-0.16316329996168236,-0.16046482331491707,-0.15932131916221534,0.38474131394224537,-0.8753085226163566,0.8842572263072107,0.13678434738823572
2011-04-01,1.2467051888970235,-0.7000834058693365,1.8220498652102424,0.06088843432554105,-1.0203418722240765,-1.1396878838935522,-0.24251033070338002,-0.4364100451532714,-0.7470076269856056,0.3061314899899076,0.1165592212709987,-0.6016001248680773,-1.2911616805107278,-0.3270472485208275,-0.7173918270485319,-0.5702877955203671,-0.9539786048568325,-1.5269945109110923,-0.610866060140675,-0.18550529701213525,1.5269943681764262,-1.5404402888167363,-0.4970466480911974,-0.05710765892659484,0.17554826161155343,-0.04177396307487469,-0.10224908492951443,-0.12129543688445799,-0.1283809741114052,-0.13191353571583928,-0.13457654624277274,-0.13725744570584744,-0.14023124741466997,-0.1435584496865652,-0.3311435143443377,-0.9067539581210283,0.6317986200520812,-0.05710765892659484
2011-07-01,1.0711827950833532,-0.5601037144214086,0.08828839701455311,-0.09086486999157382,-1.0827212658143344,-1.2549694976206445,-0.23296614539773272,-0.5250989198953877,-1.1360892178708049,0.3071368045631462,0.5047828158040766,-1.045350399168767,-1.084982929436722,-0.3037146199170422,-0.5361721109254495,-0.9057589978357542,-0.9600816555380131,-1.5053645411696726,-0.9012936640110434,-0.18007421512829658,1.5053651373627566,-1.5453835760783383,-0.769849418723029,-0.664635945379728,-0.6130202354302913,-0.7427869624307519,-0.7607552223468143,-0.7574632747397717,-0.7504212119902048,-0.7436731381302278,-0.7381141759236095,-0.7338003571483729,-0.7305745351318841,-0.7282500636110721,-0.7787512645388943,-0.9117190268849239,0.4637819532658366,-0.664635945379728
2011-10-01,0.9394397538479342,0.2634737917739391,1.105618965568705,-0.26323915349332827,0.8511527952839023,-0.71244168967127,-0.22219839690958906,0.08263616803517693,-1.1392539056062168,0.30032216911239046,-0.20372960913390162,-0.21872539979427014,-0.8819597021799791,-0.3426538093697981,-0.6880067298335574,-1.0771964236896383,-1.0642678874338256,-1.4590387036635137,0.1152029495352459,0.9554228267064482,1.4590392979022107,-0.9982584022768691,0.16859211225047183,-0.9593517949782704,-0.7518977516932808,-0.9789024957056948,-1.0413564067201035,-1.0625745557818944,-1.0704151653765985,-1.0731663826188325,-1.0738200120663277,-1.0735866574031587,-1.0729922697978602,-1.0722756820383916,-0.8771844064991233,-0.9166840956488194,0.305828213428366,-0.9593517949782704
2012-01-01,0.814624992649479,-0.6396039458044253,-0.07539059121684122,-0.34272666685537634,-0.8237080242603619,-0.6500607691942841,-0.17586587607760953,-0.11501838443118202,-1.0932908525528398,0.2979475697660544,0.1047307482396025,-0.5265144712659207,-0.6963638591025318,0.22362711051978076,-0.2889627409542476,-0.9798571365964446,-1.0423440060892823,-1.3339613098856993,-1.0626423328279146,-0.921929462938578,1.333962638687929,-0.942221276211631,-0.8571463053252152,-0.9671074752308635,-0.9306791648668803,-1.1138831229652004,-1.1571063338099448,-1.1685584618590241,-1.170551462945183,-1.1693573185108457,-1.1671124029295117,-1.1646143087222427,-1.1621678781049867,-1.1598834721080247,-0.7482190230532896,-0.9017888893571328,0.10438721774377474,-0.9671074752308635
2012-04-01,0.6233411283502001,-1.1212542129238243,-0.4955009665616375,-0.4268419105841218,-1.0119332231071447,-0.6476891207896663,-0.12337727232102516,0.533002765696356,-0.7885730850588081,0.30023981471860284,0.45028245593246463,-0.4577140254517086,-0.6555737678215818,0.25672454141020223,-0.08716665275410705,-0.8775455142706318,-1.129240230988488,-1.2060606856887524,-0.7076752614307978,-0.9478574609864419,1.2060612692549035,-1.0311990926879415,-0.5843435346933835,-1.132561987286191,-1.0687047655108648,-1.216407640939792,-1.2484739621410859,-1.256093681173761,-1.256533261902204,-1.2545506728709988,-1.2517788566101549,-1.2488368548553128,-1.245965075576496,-1.2432517147555604,-0.7734067481594536,-0.8769635455376551,-0.04779076032469275,-1.132561987286191
2012-07-01,0.31345731754760114,-0.17751713373743583,-0.3260249534001106,-0.4656112941266528,-0.7599232291576244,-0.5566443598530829,-0.08226280201391786,-0.2927428103462556,-0.9728554599648569,0.3051968057474521,0.09126535755494457,0.3117227569159539,-0.26865134264678336,0.10835059502975777,0.05527453726886156,-0.8191260606330103,-1.1047393812605528,-1.114699292083957,0.0667983488901845,-0.12466306041368608,1.1146983921151126,-0.9930987763699578,0.04855889317246591,-1.272164231832869,-0.7952421868542656,-1.1018918210451938,-1.2140447146120448,-1.2674480375666983,-1.2969545438781414,-1.314716234948865,-1.3259992084847005,-1.3334112885864364,-1.3383679446734535,-1.3416909641742438,-1.0591284459575212,-0.8819286143015507,-0.1477548272098967,-1.272164231832869
2012-10-01,0.013056560394245971,-0.013024829007946383,0.34744721001849316,-0.4048072881278034,-0.4712730040602651,-0.9296328141964508,-0.05879334911726138,3.0834183665082446,-0.5022540872173884,0.28731861050025276,0.12621089772890925,-0.45641826698679205,-0.3367694475235235,-0.12189278514031372,0.13158639728839017,-1.3197437809570194,-1.1733347278365163,-1.0048270952594291,0.5669792222224855,0.9896872399215972,1.0048284101761937,-1.0138550982269732,0.9215277591943272,-1.2230449235664398,-0.39355628587808106,-0.8589720809104552,-1.0484298868663617,-1.1447958016314161,-1.201251375254639,-1.2373302983568557,-1.261782306542496,-1.2790642538687167,-1.2916593352511523,-1.3010464763430882,-0.82849392696799,-0.8736534996950581,-0.15114797419463094,-1.2230449235664398
2013-01-01,-0.14628181774846646,0.5755043574593649,0.32084947224546095,-0.4345675144271938,-0.40132487586645094,-0.8105002037027192,-0.03200055339853979,0.17039429192492647,-1.1304609737177447,0.2797652161038361,0.2446726082187063,0.12750667767145413,-0.14921219501194574,-0.07851926806771692,0.02714154689574045,-1.093392298545875,-1.205443854360183,-0.9151051876631425,-0.3527081900336809,0.10945958399903363,0.9151035394336215,-0.8263003266038367,0.12494366894937878,-1.0343233707533408,-1.2668357063483833,-1.3728453030407,-1.3937758786913514,-1.3987930027586757,-1.3988670035102453,-1.397011367679272,-1.394360197387675,-1.391405117607973,-1.3883726167886454,-1.3853684077780022,-0.4699258843193024,-0.8819286143015507,-0.28040628826637826,-1.0343233707533408
2013-04-01,-0.09285781167495688,0.8255230315766744,0.185876036840231,-0.5179091570526663,0.009547760900736323,-0.5223928380152135,0.02242298748385278,0.06604468624177372,-0.6316687026236838,0.29458657638718205,0.6864610108521471,-0.5888599816457067,-0.18703535006333233,0.2821951208260075,0.035946123236964105,-0.6028686590544639,-1.1277618944649115,-0.8173131025481263,0.2765516183521172,0.9810369121617516,0.8173129298735277,-0.6712244521019415,0.3104495529790243,-0.9981301962412366,-1.1093396083576255,-1.2937368600193242,-1.3504951946333803,-1.3746495584604945,-1.386389376237256,-1.3922893285763933,-1.3951118138371175,-1.396190908631173,-1.3962295032978302,-1.3956221277196617,-0.4631407364829928,-0.8951687976719387,-0.23733462672456535,-0.9981301962412366
2013-07-01,0.12603686214405915,-0.16985791191394597,-0.4916822857633902,-0.5525512226013576,-0.9897319184028189,-0.5872100760324617,0.06807847656288726,-0.3507131387381963,-0.8369590492360501,0.30601320086642325,0.1990123187461252,0.488392356520998,-0.1365251573041066,0.16758911535861656,0.05642347736629011,-0.6772917392434679,-1.0876494210011958,-0.7325954744473553,0.4863048878140499,0.16718535154309871,0.7325945583584226,-0.7393660470024681,0.3104495529790243,-0.444891671556256,-0.5871269114056133,-0.7270797269728796,-0.7537475051892056,-0.7566719673694885,-0.7540556285188613,-0.7505148627124295,-0.747329682130872,-0.7448083647172727,-0.7429609440353916,-0.7417130120723112,0.9627135090391433,-0.9117190268849239,-0.2903031771623067,-0.444891671556256
2013-10-01,0.393667798713672,0.052108961878685835,0.4621591576264783,-0.6946527257094934,-1.0885662154689406,-0.7613168129958213,0.13619964537442922,-0.39953045571151874,-1.0851843745149314,0.30757917347699854,0.8993925939884125,0.37944090854390006,0.10464065532235646,0.4606820083779982,0.25780579224294653,-0.8934676442579998,-0.9670933380021235,-0.5628465259771284,0.9058114267379154,1.074165518609676,0.5628463425671285,-0.7612396106897202,1.161594197350339,-0.4164541772967447,-0.6245453236546791,-0.756982508330714,-0.7817213792294802,-0.7842520878256916,-0.7816272563330499,-0.7781502907008917,-0.7750150862871436,-0.772510311921511,-0.770646018591097,-0.7693526883818655,0.4065096755744698,-0.9100640039636253,-0.3852950993821613,-0.4164541772967447
2014-01-01,0.6010942611420562,-0.6973569862737329,-0.23452386963065588,-0.8528394078115125,-1.071264214092988,-0.9502723206642728,0.24019760985942523,0.2618415052254736,-0.6366398478605794,0.3197143412273281,0.29109027750100547,0.8727525914173826,0.3201853485403721,0.9395357825242484,0.6097233229035608,-0.6617582851767836,-0.8450219822281362,-0.33136234713661067,0.2281470177070558,-0.2020950521522308,0.33136363364140375,-0.9126851263596071,0.14676789059992532,-0.40352804354242794,-0.8748145218285011,-0.8604462650716785,-0.8079472664878811,-0.7651628221322656,-0.7333324844587015,-0.7098449679268196,-0.6923972862917076,-0.6793232347323076,-0.669461149075983,-0.6620017244597715,0.49358543154783846,-0.9166840956488194,-0.3454870450427055,-0.40352804354242794
2014-04-01,0.7003387781490631,-0.8851196869578839,-0.05947776134054183,-0.9107337370149607,-1.0064339808406462,-1.2368286323160373,0.29215636267892214,0.010941974848420296,-1.1319422688689613,0.31411510030803774,0.22944397059702562,0.4889914602005631,0.6363577622487792,0.24980420586635463,0.5985265503893329,-1.0505512265679202,-0.9716320645666114,-0.1827402770333273,0.6960581572759826,-0.497003455165575,0.1827385979069083,-0.8971314272920604,0.5286917694844896,-0.5121075670787332,-0.6153820244765023,-0.6437074508521697,-0.611119230383431,-0.5787454111097997,-0.5533575315442939,-0.534385032988931,-0.5203901213172981,-0.5101230503286773,-0.5026453100393145,-0.4972778168158095,0.3253424023187372,-0.9067539581210283,-0.42248043469669955,-0.5121075670787332
2014-07-01,0.6508176846534137,0.17529523387318302,1.3081086408921168,-0.9919974107576344,-0.3005921581604795,-1.0424576709155382,0.35573258789678075,-0.35532921077928625,-0.2029410147606085,0.3535070464860603,0.11518330468513,0.9420671211213163,0.7694375998008385,0.3778636188761497,0.6712134684452364,-0.08928149194699099,-0.8053356053598625,-0.132363074282152,0.43790028716898854,0.43742436212289304,0.13236213287070012,-0.9590002171530038,0.4741312153581233,-0.6103461836115753,-0.1868768053556922,-0.36469444156499536,-0.4070091047717148,-0.4169336556848416,-0.4183872485862706,-0.4178320254960665,-0.4171900324957838,-0.41701220049117876,-0.4174071757148802,-0.4183442583391363,-0.021968022343947465,-0.9084089810423268,-0.47684511374261684,-0.6103461836115753
2014-10-01,0.6059075374896357,0.7074654144406045,0.29152359720318965,-0.982911066857332,-0.2595218828536918,-0.8086268092084811,0.4216362324160679,0.7793201380309885,-0.6200949552188652,0.35979576715935857,-0.10169130142588345,0.8460232764987495,0.9070452909605146,0.4317764653259647,0.6612215064905653,-0.7899304389887404,-0.7760540227486689,0.017697245279948592,0.7928673585661055,1.1856146681426605,-0.01769819302211328,-0.8840749329941581,0.6269007669119491,-0.7783859224177646,-0.5322913335945115,-0.5916447785840986,-0.5830431456085596,-0.5672683041856613,-0.5535420479686282,-0.5429736279488077,-0.535187675237045,-0.5296127159848673,-0.5257509636013706,-0.5232173847486484,-0.4074669587805085,-0.9034439122784312,-0.41255551714081234,-0.7783859224177646
2015-01-01,0.4893963127991566,-0.2242663598167349,-0.2416846075060528,-1.0127718959907874,-0.9699790773647825,-0.7800594698424875,0.48459233579644634,0.23068207689259806,-0.8115342889386049,0.36494239252436583,0.22542348155204675,1.7800640167793862,1.1745673068157265,0.3933133539919033,0.47240534362317016,-0.8149686910405345,-0.8193837914489827,0.1633865886061114,0.3088213521154915,-0.24599520284508508,-0.16338680265432198,-0.9542113123988528,0.14676789059992532,-1.0213972369990163,-2.081277962420282,-1.6218110241570804,-1.3859060447422478,-1.2536692226963115,-1.1703939625105257,-1.1136138588984625,-1.072714186406149,-1.0420642910832247,-1.018407717499455,-0.9997334195692623,-0.34850545593855337,-0.8984788435145357,-0.3952526358384683,-1.0213972369990163
2015-04-01,0.35285048101100425,1.1437730715895575,-0.4843621990618276,-1.0228356484599173,-0.7794978705110693,-0.716052438923624,0.6113346423586403,0.6223812250780799,-0.4295283662795298,0.38126019123973603,-0.22747117198109998,1.1582815467245193,1.374359367229167,1.2379391469281273,0.813980200715358,-0.570062112727712,-0.6834956182642603,0.43927597964670717,1.0187554949097253,1.5007599258416744,-0.43927583541393356,-1.0846140860334272,0.8014945401163213,-0.8662836319471516,-0.5536996757677399,-0.6676054208036065,-0.6903712222595022,-0.6941519785483075,-0.6933307162399747,-0.691596657307218,-0.6900150356527662,-0.6888726741917555,-0.6882089406091862,-0.6879860650441524,-0.3194447924656437,-0.8918587518293417,-0.360787758146275,-0.8662836319471516
2015-07-01,0.2755125819950786,0.45457563302418685,0.13665361126774855,-1.0060124262609966,-0.33677976210945576,-0.7262591049384677,0.7203563786915765,1.2980159065665215,-0.9841379160975613,0.3656217209555284,-0.12699648710604824,1.3815447025788095,1.5058212540941072,0.9948280553213398,1.027250201048798,-1.2706421011383722,-1.017598786122491,0.7618463315166212,1.5673409688870878,1.202716665588608,-0.7618454610521169,-0.922542246325468,0.954264091670147,-0.8249200039333237,-0.3549614922476645,-0.4972232616439851,-0.5266991694847811,-0.5313112403527296,-0.530043301519951,-0.5277817243159258,-0.5258790734631298,-0.5246574936883655,-0.524125603242516,-0.5242049374116037,-0.050690583147276445,-0.8852386601441476,-0.30321365530423366,-0.8249200039333237
2015-10-01,0.24260294182813866,1.0805986457776309,0.041354476682001706,-1.0439847925233627,-0.3484803533997439,-0.7513497243487796,0.7922375267455611,-0.22071701361695537,-0.9974537659553734,0.3686294197041069,-0.24779052220264047,1.4275559035611844,1.6806693972261741,0.5097564609055509,1.0542060395069803,-0.8618605601811002,-1.0379415004197312,0.936158614689469,1.6157455695321492,2.283710469359819,-0.9361596011795423,-0.7598119110539299,1.0415609782723332,-0.8481870446911035,-1.05839350084189,-0.9526339966333429,-0.8620472808862183,-0.8003569405037957,-0.7575795573243811,-0.7270495796754678,-0.7047243109465253,-0.6880875191879343,-0.6755185610359736,-0.6659407520223387,-0.16895815794527036,-0.8736534996950581,-0.17917792792695725,-0.8481870446911035
2016-01-01,0.3035247898979651,-0.10345422431365622,-0.7792123036100408,-1.1136921493364194,0.9308947781428739,-0.21521075789853591,0.7491410214515712,0.09701193524885697,-1.0360080851807902,0.36770688845379024,0.302958079460365,1.5905503042209699,1.6238795470461873,-1.0192000224680822,0.5659336035715715,-0.985637123675001,-1.0862086117089793,0.8291066889230262,0.5992489559858598,0.2648351530610699,-0.8291054513759318,-0.22092148665756592,0.38683432875593715,-1.0575904115111205,-1.4253541135028678,-1.2028102972685306,-1.0595393455699667,-0.9702637117993431,-0.910751463929281,-0.8689816121719502,-0.8385456380801269,-0.815739772250376,-0.7982872267475835,-0.7847202218040631,-0.21302189643649183,-0.7743521244171474,-0.15716036488393667,-1.0575904115111205
2016-04-01,0.36798733237537556,-0.6796094667464677,-0.058898699088348716,-1.1229129194374008,0.1261450025269543,0.04022462121238451,0.7692184471454291,0.4672397540546406,-1.1417976235754934,0.35592058306603325,-0.22207953349303586,0.9598292686938387,1.5641655629856672,-0.16616004886598923,0.08056975070418369,-1.1861907642646279,-1.2604572980839248,0.9144546609223559,1.4059923000702164,0.20523444733340637,-0.9144556464967861,0.12035221848092388,1.0197367566217865,-1.1868517490543433,-0.7784229381648567,-0.8408729716537755,-0.8394769247654705,-0.8303597468240314,-0.8215485126487597,-0.8143159103300288,-0.8086577524003491,-0.8043243933031714,-0.8010576986247531,-0.7986426186868104,-0.8639341998292646,-0.7677320327319533,-0.15491974512209872,-1.1868517490543433
2016-07-01,0.35234266124469255,0.03425953188199569,-0.2949939036422306,-1.112432879379065,-0.5379838379839975,-0.016524723291669433,0.7742520310477597,0.7631469288878392,-0.9227623934487127,0.34963767676544455,-0.08107042942329072,1.1541906149503955,1.496030134651809,-0.3624202528054798,-0.3885988593936251,-1.0655392805523545,-1.2024517225117453,0.9455575453090557,1.9061731734025176,1.3862222178927657,-0.9455585321956531,0.20668014047079125,1.8490571793425548,-1.3342096738536147,-0.432944414055357,-0.7259419010039357,-0.8291177609414243,-0.875798806377893,-0.9008513339204739,-0.9159399502307943,-0.9258413870845181,-0.9327926918545701,-0.9379483228018503,-0.9419509039120179,-0.8484987968072263,-0.7561468722828637,-0.08823273525527064,-1.3342096738536147
2016-10-01,0.2330097873330161,2.319129581623248,-0.32857666875468167,-1.0502429826144726,0.531933008293793,0.23179470538567246,0.8466002328907326,0.20324942019126366,0.4434704472109501,0.4081074376617478,0.42353818902455065,0.6847017015408378,1.2739855599064838,0.5158510609561333,-0.38649210043307786,0.3540389197362098,-0.8585805413695119,0.9598098280118927,1.0187554949097253,3.048709546941479,-0.9598097057393219,0.18823007659788865,1.4671333004579905,-0.8947211262066629,-0.10620581802583515,-0.4075743090064045,-0.5109408537156594,-0.5556241773053672,-0.5789483049167073,-0.5930242521996999,-0.6025761966379555,-0.6097005756912959,-0.6154231467752475,-0.6202874014274704,0.18832029091451374,-0.7296665055420877,-0.08265766053839206,-0.8947211262066629
2017-01-01,-0.05405597695583768,-0.45745848309343445,-0.4638197166827429,-0.9858554342851682,-0.0524419693792145,-0.045554128657941,0.8469201058638631,1.7859290689766147,-0.7740028762734033,0.3951682660785493,-0.22540997862011258,0.9189210067264346,1.0749618618660393,-0.42394714862924016,-0.18072727331671143,-1.2114651473865148,-0.9224474567941123,0.9981690656351448,0.35722595276055286,-0.15861191923401227,-0.9981685750607511,0.36832099567878335,0.670549210213042,-0.6517098116254112,-0.3064223031060451,-0.3799401076550284,-0.3880959461549851,-0.3848433071514267,-0.3803951880398491,-0.3768835033201745,-0.37462702425668654,-0.37350994775218477,-0.37333767804064044,-0.37393016585172045,0.8895974210750857,-0.6055397864446992,-0.12081896741663416,-0.6517098116254112
2017-04-01,-0.3295516774740493,0.35006539816727117,-1.214202586975867,-0.8063522258182113,-0.4240203876960443,-0.20072755210011814,0.9061790271498982,0.6178857361433695,0.36605584002080266,0.44512607128083714,0.29079471464843254,0.5379996192724026,0.9500100918727412,0.34454535174915735,-0.004188506208766465,0.16743059504273108,-0.5396268508703133,1.0036645990610453,0.2120121508253687,0.561853271981528,-1.0036655883990508,0.10065524501385108,0.583252323610856,-0.791312056172089,-0.9783851975945356,-0.8405149109982845,-0.7566565744992172,-0.706587051934328,-0.6742705142922919,-0.6522296878908879,-0.6366466963614225,-0.6253789605544082,-0.6171342929699637,-0.6110892850224015,0.18144876985523772,-0.4814130673473109,-0.057688608343721026,-0.791312056172089
2017-07-01,-0.47748926060892843,0.23981001301960436,-0.20392106984306596,-0.7020071397855185,0.3115403903824216,0.03887963722027714,0.9405310295710673,-0.0554277205472669,-0.004619077960215696,0.48795273899004077,0.18323069256156618,0.7686792986011066,0.836489066855684,0.02009211287412043,0.12803696342457202,0.011094064569609104,-0.23514182874547349,0.966796879395021,0.6799232903942956,0.3214983461809451,-0.9667956476568268,0.15376350469321723,0.9324398700196005,-0.8068234166772755,-0.3714916073401921,-0.4706387856037537,-0.5033227434374222,-0.5184182297320444,-0.5271354157869266,-0.5330526562494126,-0.5376005633110382,-0.5414348110494803,-0.5448849782862327,-0.5481283634502812,-0.261803368079521,-0.3804566691481017,-0.10898982987003153,-0.8068234166772755
2017-10-01,-0.3950899978087622,1.1777474219110224,-0.6753211372282436,-0.688639104577052,-0.5675875575862608,-0.27123868971325077,0.9501350684084966,-0.5097660242748204,-0.7738572306373461,0.5041949508601868,0.3190507617115431,1.0272837168037516,0.9374501749521429,-0.3084377949332674,-0.1569001807377087,-0.5747951824070071,-0.4978274249354605,0.9442258328472075,1.212373897489971,1.3029490220652484,-0.9442253399970632,0.18700348049154092,0.9215277591943272,-0.7085848001444254,0.36081158837449595,0.0461164258805445,-0.08912390467164592,-0.15991977580797245,-0.20328172999464,-0.23284472317647406,-0.2546238245417824,-0.27163840908116255,-0.285553981992993,-0.29735779081323144,-0.2785713205575004,-0.35563132532862407,-0.09143052119320527,-0.7085848001444254
2018-01-01,-0.1990292744082708,0.3166463131195455,-0.7198783413635172,-0.7412118907651026,-0.23919642682916753,-0.3239125383787392,0.9926585497260809,0.04485597351765238,0.12243020715507442,0.5511162714031047,-0.5154036166362883,1.3268345008124378,1.0577895813289955,0.1272801011340873,0.03364603035053757,0.10086148500367435,-0.1266854707049073,0.916478863864344,0.9058114267379154,0.2905812394182659,-0.9164779999234532,0.04506400000631649,0.7360218751646816,-0.40611327029329,-0.21228744820936138,-0.19765124341538653,-0.18171244825927635,-0.17129659526055097,-0.16506239394537006,-0.16171452768181005,-0.1603792802281261,-0.16048481797280137,-0.16165247170304556,-0.1636260497783914,0.2923607640342269,-0.2348146520738328,-0.13436191998605887,-0.40611327029329
2018-04-01,0.0363505582142621,-0.5525145298341079,0.7035633813303797,-0.6479851524275412,-0.22983619139651645,-0.26914314165977804,1.011621326041177,0.5413606822572845,-0.19514953774952143,0.5784877645448293,0.059520357867208044,0.8414710675243713,1.147996462395519,-0.17970307111308878,-0.14757423894543717,-0.33069939042335295,-0.26756269723043796,0.8856896717464211,0.9219462936196025,-0.12626053401494816,-0.8856899162670439,0.0010230041746470012,1.3034516380788916,-0.2820223862517983,-0.3800143922201265,-0.2339531386632957,-0.1619337438598733,-0.1229012825747539,-0.09986296439204431,-0.08571091957955647,-0.07699214152424622,-0.07183392186811602,-0.06913702662781772,-0.06821638452676396,0.4731205203712994,-0.09082765792086232,-0.08227226390402231,-0.2820223862517983
2018-07-01,0.1843401188142075,0.6044305747747877,-0.955849766025651,-0.5929475968050433,0.24873331754914374,-0.286857793800967,1.0180050486276415,-0.47720104910820893,-1.010435421175411,0.5841913782201352,0.13086064962130142,0.6686459724750434,1.1182408385882818,-0.3448021618886131,-0.27370955162035504,-0.8027577891990507,-0.49772991323192656,0.8853966950048074,1.0832949624364738,0.9383687698865614,-0.8853973094332299,0.337841284317405,1.3689243030305311,-0.276851932750067,0.2659763465996968,0.21678785455017432,0.19266461101197394,0.17820930701773152,0.1675137461879054,0.1584980244713682,0.15031839101952382,0.14258483626157997,0.13509657299140074,0.12774090571347563,0.45151612929604334,0.0018536256718542387,-0.1467392273499234,-0.276851932750067
2018-10-01,0.10830384995079563,0.22961183653809514,-1.043978914813051,-0.535505113089049,0.04877188747515442,-0.11301442440556847,1.0724541008514494,-0.14880803177196025,-0.21388588914772313,0.620509332268932,-0.44104036046464973,0.9878848275477821,1.106561599156036,0.2630959868877902,-0.07614385311452591,-0.15667288142039767,-0.37947983427642623,0.9180857969016408,0.9380811605012896,0.6544942631575358,-0.9180853029487055,0.3788169748366615,1.3034516380788916,-0.1941246767224109,0.11100493704981204,0.1631526866138976,0.17838817486617178,0.18235188778370418,0.1817869323745859,0.17900561626609945,0.1749796792985447,0.17017489273100803,0.16483696241087506,0.15910604048932042,0.4997521101565916,0.14915066566742194,-0.08789202106418943,-0.1941246767224109
2019-01-01,0.05092775554978897,-0.42824079344776333,-0.6789882943658997,-0.415471188538046,0.17355799860730764,0.0034024174643388777,1.0998002964377958,0.9355732345663639,0.4455343249063953,0.6698041083471611,0.33023507457432777,0.8314136696918445,0.9601758139707437,-0.08270075419930988,-0.14872926394468167,0.1528949514713507,-0.3647641362531147,0.8459809654951488,0.32495621899717864,-0.23401661353901287,-0.8459804685002642,0.25761756541819447,0.6159886560866757,-0.48884052632095326,-0.6047010246449303,-0.4939669332104784,-0.4599506772470535,-0.4503815291119644,-0.44866457032569423,-0.4497265224969067,-0.45185823818976656,-0.4544442214873658,-0.4572546246438392,-0.4602024073569254,-1.0898625328893115,0.24017692633883994,-0.07136432751051128,-0.48884052632095326
2019-04-01,-0.02568251455148225,0.7173737961304568,-0.9828145752017934,-0.3683725841480836,1.8096366267949413,0.5786330387285333,1.1632038294983813,0.2039277001646483,-0.12837948138686697,0.7071235642657803,0.10850811300262621,0.46456238859889243,0.8488184422237082,0.4105377803131436,0.05530302567281802,-0.17534813251260964,-0.3208289085208584,0.8980390853093144,0.8574068260928539,0.6276018704607702,-0.8980393303509261,0.7747678180306741,0.9324398700196005,-0.7370222944039366,-0.16086424769527463,-0.3993846656353519,-0.5339094683998395,-0.6184112613432405,-0.6753864873271122,-0.7157299988328055,-0.7454298166555761,-0.7680258425890483,-0.7857163225349916,-0.7999192132111285,-1.6198985130171428,0.23686688049624285,-0.11716730981182998,-0.7370222944039366
2019-07-01,0.07292970093960714,0.5090054695440156,0.22059558509642233,-0.34623909338932285,-0.8194145998596003,0.2773633259613162,1.1852142299071693,-0.3484182914949116,-0.8645605908227834,0.717707533631272,-0.19432820767212136,0.8424474663920699,0.9000673039104704,-0.14682887685311402,0.12373770370516196,-0.7034709431914629,-0.29274937927322836,0.922785262211487,0.7605976248027312,0.6272708831246814,-0.9227855082970893,0.7634403401045955,1.4562211896327173,-1.153243801293101,-0.5336175445025767,-0.7248544792280815,-0.8283189587950281,-0.8931544308850612,-0.9366087929802868,-0.9670312604975204,-0.9890821887506737,-1.0055453503879603,-1.0181582180277404,-1.0280431475144027,-1.0233870215380918,0.13425545937573521,-0.10503685399347187,-1.153243801293101
2019-10-01,0.1363510565526098,-0.13498104583033077,-0.6020562461307376,-0.37749361868082415,-0.14690087018966236,0.22217408247052878,1.2114830619214378,-0.11024404706296902,-0.313637343343717,0.748183234576795,-0.08269244975535422,0.8201520177953256,0.8506767866665037,-0.08537399284562676,0.0032798810109652982,-0.25967722454033254,-0.32188026197896047,0.9016761400106731,1.7932291052307077,0.4947849928438125,-0.9016760152855627,0.7785647474628269,1.652639184487636,-1.1558290280439707,-0.5239659530314477,-0.6967798015801222,-0.7776834993193513,-0.824855379840463,-0.8553394861193131,-0.8762945922946486,-0.8913774216435009,-0.9026528424259541,-0.9113619459002016,-0.9182853444977312,-0.3395013938608792,-0.1371682997172206,-0.086512655110129,-1.1558290280439707
2020-01-01,0.18564973124435336,-0.4665863899536577,0.11602291793132732,-0.34460516460167717,-0.12231644170339748,0.1387230864101609,1.284166836024566,-0.56386262037432,1.147616290929929,0.8460784457823898,-0.6059751582716033,0.9632852004769391,0.8895033338693169,0.5202373806984587,0.2117013209428833,1.2183664018065796,-0.020551959638523406,0.8055560938754837,1.099429829318161,-0.12751618438518994,-0.805557074855716,0.3625167550916386,1.696287627788729,-1.4789823719020163,-0.8817004337144773,-1.0268035394331232,-1.1013206243000584,-1.148200817500824,-1.1794362577131745,-1.2009336136358943,-1.2161125681729996,-1.22706297928656,-1.2351046366580294,-1.2410941377502778,-1.1373460967433668,-0.3274959356665494,0.11993079169886282,-1.4789823719020163
2020-04-01,0.2209911256245355,-0.759356296302414,-0.5101902250942288,-0.405049255289026,-0.7487168449926038,-0.5828571395497844,1.263161189985366,-0.5119402884117257,-0.6093962106663277,0.869150067329029,-0.600644300854028,-0.32704994004707827,0.6553121968579645,-0.7018135431633149,-0.1728121989864002,-0.42199748350204674,-0.09030739999652987,0.6890845219622417,-0.8851587971293563,-1.1052875813995773,-0.6890843882683497,0.29482205692320657,-0.1696833233329994,-2.014124309330951,-3.0349473225830446,-2.619779222460989,-2.413570760571349,-2.303166550772817,-2.2344785149140094,-2.1867581568095993,-2.1509532233916486,-2.122584935246982,-2.0991970245433333,-2.07932655053827,-2.3222319830757154,-0.9233041873340134,0.9971618233109413,-2.014124309330951
2020-07-01,0.24714674133491862,-1.1112955050762312,-0.9522124867928925,-0.5178796700150953,-0.6067059523478212,-0.522862945773292,1.2500856463045749,-0.5946716040542801,-0.7001560226486863,0.8894368903005531,-0.8002225211610462,-0.6088127640119475,0.2307845966254012,-0.5986958227853636,-0.3290119051881088,-0.48304885822623433,-0.027969349887336997,0.6002356258687361,0.8412719592111668,-0.7649830174719295,-0.6002354884265493,0.2948135929699472,1.074297310748153,-2.0425618035904596,-0.675254401827975,-1.1660414394807423,-1.3820592288758042,-1.499186746979782,-1.5705815470539006,-1.6171521966011124,-1.648895625234278,-1.6711848589862606,-1.6871410439294101,-1.6986836707208144,-2.040141655753417,-0.9067539581210283,0.2889554978132605,-2.0425618035904596
2020-10-01,0.30996196274652005,-0.7882799973099497,-0.1439625171083072,-0.6652359366712015,1.0193816135237068,-0.19391450787701922,1.128787067518235,-0.49964457978309185,-0.4199733351326192,0.9204281640655174,-1.0386684483670996,0.8326832857561314,0.23440008149135538,-2.012058938677372,-0.995021280716311,-0.2501118265460839,-0.02526413883929746,0.21602770254247802,1.1801041637265965,-0.5921439261057775,-0.2160271789712222,0.6741940470308978,1.5216938545843568,-1.877107291535137,-0.8629575723964757,-1.2625304519332963,-1.4218716178363893,-1.502879417321054,-1.5499034881692113,-1.5793096019839594,-1.5985544677871257,-1.611495942912718,-1.6203072423251204,-1.6262918843255223,-0.973087782993083,-0.9084089810423268,0.24073299223653727,-1.877107291535137
2021-01-01,0.5235546116594949,-0.5649090237163518,-0.0002803838021514775,-0.7358192319532191,-0.10073883589514246,-0.18782857258836796,0.9194723984381586,-0.21322578813312942,0.5363370402544141,0.9880853963835825,-0.8924077406285537,-0.08777955473899564,-0.06846838239167424,-3.15909995431518,-2.2668810967965003,0.5554566328699377,-0.21274309495372112,-0.4817511557726267,0.8574068260928539,-0.40770812863977474,0.48175170878166784,0.44759641325481425,0.7032855426888619,-1.5255164534175756,-0.7761243095823454,-1.162882784562492,-1.3112225555192136,-1.3840981694234193,-1.425379909950386,-1.4507739550778653,-1.4672235843809802,-1.4782283472061966,-1.4857176747456315,-1.4908290375239763,-0.6036177768059083,-0.9133740498062223,0.061570632531902945,-1.5255164534175756
2021-04-01,0.8605814550130617,0.5014859028082562,-0.3273744387716272,-0.9489862301342197,-0.8625603074929321,-0.2199379711921709,0.8375299698121469,0.8989724935581137,0.4177848796117281,1.0366717245083086,-0.9759912468362021,0.5771419554787846,0.19268256949178003,-1.5211807914760933,-2.5501169577283327,0.13736358706015397,-0.054548971840608904,-0.8124301568546548,1.7609593714673333,0.9836197954808734,0.812431463654659,0.03944291936770445,1.5326059654096302,-1.310942633095835,-0.2398377710137894,-0.6881779768661247,-0.8752355241164321,-0.972022474841342,-1.02962068524159,-1.0670288543947855,-1.0928327057294183,-1.111438345445376,-1.125316351145236,-1.135946933885583,-0.7120018530741987,-0.9183391185701179,-0.10413280713620163,-1.310942633095835
2021-07-01,1.0813845839276222,0.4415948394042636,-1.0718514431953372,-1.112063424143641,0.18069430197625483,0.0021472331010020055,0.9936750785609375,-0.05416159793028223,0.6192805364350401,1.1058183894158709,-0.2241502611395901,0.48018812976266084,0.5108374106675999,1.609644139247715,-1.7867461106941311,0.5881095895183548,0.24838768262811645,-0.6172898907785154,1.986847507810953,0.6256908126274001,0.6172889698250857,-0.13182314348684193,2.187332614926026,-1.520345999915852,0.5530241424913904,-0.23032592293404494,-0.5715212817948939,-0.7507739568427397,-0.8588242029358935,-0.9299807107862469,-0.9798051849418437,-1.0163011537625029,-1.043970658042494,-1.065523158114909,-1.2135840917343563,-0.9084089810423268,-0.16556131366108418,-1.520345999915852
2021-10-01,1.1348260169069602,0.23450731353232374,-1.029126039182164,-1.081108105556891,-0.872415938048748,-0.5314317737827992,1.0348660828922909,-0.6377800645849485,-0.581391603249576,1.1316637050389258,-0.0279805479227274,0.43588709048526453,0.3953040731670577,0.10933235612494809,-1.0534313595933347,-0.36118955364215843,0.21697354860963702,-0.5864089584687763,2.9872092544755553,0.9269477366287816,0.5864095158931073,-0.24316746428823025,2.3619263881303985,-1.3548914878605247,0.4166507982925173,-0.20230629050832666,-0.46663795314102496,-0.6037353144044654,-0.6858550847890633,-0.739893132548437,-0.7778783107099302,-0.8059230560690028,-0.8274318320498818,-0.84443747284696,-0.742339177447009,-0.9133740498062223,-0.20921852514340705,-1.3548914878605247
2022-01-01,0.8737898366220633,0.22318896065643565,-1.0271491178076662,-0.9989077847384948,-0.5276280603134278,-0.6518353170822265,1.0501689629197273,2.261007667001441,-0.4990374638288089,1.124322773540371,-0.922586733911932,0.6454881485881869,0.6098879576448244,-0.22844946981095285,-0.04037486413528842,-1.0887344564641317,-0.24802371576232587,-0.5296868856771227,1.1639692968449094,0.09374983487155522,0.5296852211875818,-0.28094852028927053,1.1506820865250658,-1.0420790510059341,0.9167614185982856,0.2650459412498999,-0.015972542381045535,-0.1617034838736165,-0.24944013430264622,-0.30783884601392175,-0.34958527525039634,-0.3810645578372811,-0.4058079618889419,-0.42591452198265967,-0.41824698365127955,-0.8935137747506402,-0.20059751214011504,-1.0420790510059341
2022-04-01,0.37027302000553575,0.3974168606008675,-0.7647535317724247,-0.9244434749529186,-0.02551599703741524,-0.4157480721656897,1.1102265854331497,0.425126104151603,-0.6717212525393937,1.1329119364785623,-1.00091565698654,0.590241421738702,0.6137238581879458,0.355499149135592,0.6083489648524961,-0.7394976486245255,-0.4960107523496225,-0.4070775989952809,2.099791575982763,0.5161001832553906,0.40707814885400634,-0.12385483933034172,1.772672403565642,-0.2742667059992049,2.6281319120134765,1.6961828672846428,1.2710603903718733,1.0446207410262596,0.904953007326898,0.8096423400782745,0.7397485880183319,0.6856741788834115,0.6420732628508095,0.6057436202188866,2.4295423801369624,-0.5707843050974305,-0.16697176583099763,-0.2742667059992049
2022-07-01,-0.17039537208528127,1.467588345879269,-0.7485220042438041,-0.6698914195438586,-0.12083144433180033,-0.500793011636734,1.1619263000167372,0.5746868382829166,1.163399084313205,1.21707350402663,-0.9651656614678709,0.5005079375167022,0.6196805001831299,0.2465948792544489,0.13717510301988783,0.9172825701942738,-0.4029166244757988,-0.5069234806625625,1.1639692968449094,1.007894170290103,0.5069247745738955,-0.5442123381430702,1.1397699756997925,-0.13724968820338884,2.428205033530096,1.5659336728813702,1.1308973759218408,0.882762829926027,0.7233527853655315,0.6123316517559987,0.5303901011063968,0.4671661787386161,0.4166239209116615,0.37502467368716097,1.3907071473978319,0.13425545937573521,-0.19110888855593314,-0.13724968820338884
2022-10-01,-0.6864336294474581,-0.061367297364387105,-1.3393597078626573,-0.43218600251060074,-0.7223741796183679,-0.4584739313589121,1.157037934519386,-0.5374360789668394,-0.7607005748468524,1.2340807348372154,-1.4715887736376567,0.03485316288308879,0.5020471655914951,-0.49188869702035243,-0.07065278239852953,-0.5549476345862809,-0.4577137695117018,-0.5639118959465999,1.0671600955547866,0.389502124247745,0.5639124524218246,-0.559028996160791,1.3798364138558044,0.423744516734185,1.4631055344045278,1.2197920490837406,1.0496527378277818,0.936633662145412,0.8567319832941827,0.7970979368904781,0.7505637554546829,0.712865371106164,0.6813336629552236,0.6542296380277582,3.265733098905792,0.8608105218257814,-0.2098804241766271,0.423744516734185
2023-01-01,-0.9719178851849367,-1.089238388907769,-0.7946705625045859,-0.18682869922819847,-0.7349194374136205,-0.5169401911533393,1.128186569789536,1.4061450389902566,-0.6393032436393296,1.2316308345984115,-0.683682565105821,0.25729631837108635,0.38884858128816574,-0.8045448001272671,-0.2697953002340265,-0.9815079644316071,-0.42738881167269516,-0.6269107734751189,0.08293321577187164,-0.9842063063538645,0.6269091130872497,-0.6138236138875538,0.10311944729883224,0.28155704543664517,0.6279567320691019,0.6655764885766412,0.6058566412308265,0.5442276115560811,0.4928976074967629,0.45143816241774243,0.41767956068228657,0.38964574900778604,0.3658302534539158,0.3451388291874091,2.339134557690406,1.289461458442096,-0.24107999612790776,0.28155704543664517
2023-04-01,-1.177735761990167,-0.5587511989321268,-1.4816695916792741,-0.024727179255981932,-0.45250144928538005,-0.6373708753853429,1.023668566421843,-0.5474482450184116,-0.8831614579083737,1.2435953838708709,-1.1197927047913439,0.2965633798628898,0.3034847148595853,-1.7917915954550045,-1.0120628780111984,-0.6654987684994936,-0.4064610271542515,-0.9101985670815167,-0.07841545304499968,-0.9294318425565916,0.9101983983255532,-0.5150096680494655,0.2122405555515649,0.24019341742280959,0.27069358428734236,0.25572125831591663,0.1657826489322769,0.08459659262797427,0.02047111342516567,-0.0293362198649631,-0.06845863141900096,-0.0998082222946969,-0.1254988565037061,-0.14702633093827192,0.7983060051764614,1.5244747132664842,-0.2746693193061543,0.24019341742280959
2023-07-01,-1.2800426162959437,-0.5369079689340626,-1.0721985959951779,0.2079827867067555,-0.8907503095974348,-0.8545254769271805,0.9532042790218476,-0.43517406831288163,-0.05407198109927161,1.289137411294224,-1.3825343751931698,-0.10767623712114317,0.12704976494909268,-1.3474530848484645,-1.5630875234421988,0.07062312527111833,-0.645906629491998,-1.1988457635065828,-0.27203385562524524,-0.817484241856759,1.1988441272474664,-0.7897035469428473,-0.3115407640615519,0.6719262848171683,0.899708481407058,0.7735145365493753,0.6162796087934767,0.49362143885704973,0.4015621537339176,0.3316539884565593,0.27733381093910436,0.23403697167242818,0.19865037133164887,0.16904144118466258,1.55553543204192,1.6585315698916643,-0.3724347750853312,0.6719262848171683
2023-10-01,-1.235589315535872,-0.9030647366542813,-1.495833852739989,0.3909507220880776,-1.1093609306628895,-0.9636745801850278,0.9386824385238955,-0.12134522929403099,-1.1302329084581824,1.2864258166246978,-1.5753927118540894,0.21189405896112193,0.17833880173072617,-0.6175781211434697,-1.6065353819267105,-1.0122896345909256,-0.7752485169794765,-1.2266400822658463,-0.22362925498018388,-0.5429006941303463,1.2266391870195879,-0.8039947627422264,-0.19150754498354594,0.8968410121423718,1.2899355171533806,1.201973015601004,1.0626969948083578,0.9508465674831911,0.8653625116747262,0.7993016361011581,0.7470207088573367,0.704534642178864,0.6691021091733559,0.6388337275894173,2.669662711319435,1.6932870512389329,-0.4155766754468128,0.8968410121423718
2024-01-01,-1.2709822426109028,-1.0634093272166398,-1.2102345166531032,0.5200588488180269,-0.5728242523174609,-0.9179558467971111,0.9177552889198197,-0.61160599405645,-0.6685791455227504,1.3082597393248874,-0.5122721997204199,0.39812172334951257,0.21911832926057348,-0.7011550351100617,-1.5707959876972142,-0.449131660007851,-0.6246860143729418,-1.3336121052846135,-0.27203385562524524,-0.4336801269882694,1.3336126942318367,-0.8038163426075189,-0.01691377177917369,0.6796819650697614,0.4036163505830514,0.5348467126926347,0.5015446761133566,0.44758548354902533,0.3983860706397925,0.3573480118102395,0.323530789730086,0.2953674140999707,0.2714811145239308,0.2508095053052681,1.2911881046504585,1.6932870512389329,-0.46175199376274323,0.6796819650697614
2024-04-01,-1.3095802108353771,-0.5283583935032098,-0.8337722034800713,0.7201110534073174,-1.0887788670925533,-1.0974170541625325,0.8983293836374916,-0.630104196219479,-0.5197699507661502,1.3366091432340477,0.3328331673912994,0.05568535689047222,0.14929779105511828,-0.6815694213463549,-1.1870184643012136,-0.3062922143287982,-0.5230980261412922,-1.4535372515155394,-0.40111279067874234,-0.49264381343814295,1.4535378455221912,-0.9952983885430026,-0.25698020993518556,0.8994262388932346,1.142550179645413,1.1659879678318563,1.0814263539147702,1.0004498336263843,0.9343658188857634,0.8813533913142395,0.8382644485143276,0.8024715904701142,0.7720314621761395,0.7455513967015615,1.8580805089851131,1.6932870512389329,-0.5516075968640661,0.8994262388932346
2024-07-01,-1.5077627038237245,-0.6194294473201138,-0.34464315642762844,0.901982764803714,-1.0608763604791918,-1.1454008826642126,0.8288992867702559,-0.6604949072491852,-0.9040508808411564,1.3491216733049851,-0.8403630551832584,-0.16570619983668605,0.13245074268935042,-1.3339748732360108,-1.1823593656153244,-0.653485339101583,-0.7278847186529654,-1.6518647494170848,0.2120121508253687,-0.38877519331085975,1.6518638721101393,-1.0635963972997624,0.4741312153581233,0.5142274530144396,0.5114453370675945,0.6371313274053999,0.6023566168889531,0.548235168153218,0.4990836313351231,0.45802972068496856,0.42408532714122804,0.3956931543795182,0.371496761881335,0.3504524600542037,0.8746100502791325,1.6601865928129622,-0.6104635920589989,0.5142274530144396
2024-10-01,-1.5766769648948236,-0.5504654164447649,-1.4649379649328649,1.0287041760222122,-1.0581807932502687,-1.1309655923393551,0.8652529482870887,-0.6604949072491852,-0.17975851983687993,1.3922079861168246,-0.6484933047570534,-0.014447685498399239,0.06697935007414349,0.046215599424135424,-0.952901590346352,0.016786286117688478,-0.43684951534556044,-1.6755337189056383,0.14747268329862015,0.195233244672103,1.6755328425972338,-1.3483159981079318,0.3977464395812104,0.775335354851745,0.6139691625081141,0.6965582808726865,0.6607762325467467,0.6134343360651857,0.5713353988689683,0.5361406412688319,0.5067772513820631,0.4818985587445592,0.46038166577009293,0.4413769656009831,1.2782141075385405,1.3556623752940362,-0.6104635920589989,0.775335354851745
